key,url,role,type,http,bytes,sha256,download_at,n_pages,text_method,ocr_at,ocr_v,index_at,index_v,linkcheck_at,link_ok,skip_reason
https://cdn.shopify.com/s/files/1/2325/2729/files/Bandmaster-5E7-Layout.pdf?5926397210715640943,,service_manual,pdf,200,1181719,7fda8db3e730a257baf82f00ea8ed06f2635ed600e089add142609f2fc28d933,2026-09-19,1,ocr_boxes,2026-09-20,ocr_boxes-1,2026-09-20,parts-2026-09-20f,,,
https://cdn.shopify.com/s/files/1/2325/2729/files/Bandmaster-5E7-Schematic.pdf?5926397210715640943,,service_manual,pdf,200,948696,e6035abc502ac35418aea6cc941a1ec3f8cba89978af4aa2efb0fee6bcb97409,2026-09-19,1,ocr_boxes,2026-09-20,ocr_boxes-1,2026-09-20,parts-2026-09-20f,,,
https://cdn.shopify.com/s/files/1/2325/2729/files/Bandmaster-6G7-A-Layout.pdf?5926397210715640943,,service_manual,pdf,200,1320483,bab7b5aea51fe3b7812390ea0465f4acd75ad0417bd89d97f80857e09fe262a7,2026-09-19,1,ocr_boxes,2026-09-20,ocr_boxes-1,2026-09-20,parts-2026-09-20f,,,
https://cdn.shopify.com/s/files/1/2325/2729/files/Bandmaster-6G7-A-Schematic.pdf?5926397210715640943,,service_manual,pdf,200,999242,6461e1616a3398b5eeec3dbc0fcfa16b92d8c13d7d1e1400f17e13ae4f41c31d,2026-09-19,1,ocr_boxes,2026-09-20,ocr_boxes-1,2026-09-20,parts-2026-09-20f,,,
https://cdn.shopify.com/s/files/1/2325/2729/files/Bandmaster-6G7-Layout.pdf?5926397210715640943,,service_manual,pdf,200,1184909,07dcde4e99e86c13eed832fbf07c0ccd8e656dcfbdfdb3ea5b66243def1a8d6d,2026-09-19,1,ocr_boxes,2026-09-20,ocr_boxes-1,2026-09-20,parts-2026-09-20f,,,
https://cdn.shopify.com/s/files/1/2325/2729/files/Bandmaster-6G7-Schematic.pdf?5926397210715640943,,service_manual,pdf,200,1140225,58562a09c5c2047870c72c128b1985fbc954a46b52ced42495d0bd10cf3c106d,2026-09-19,1,ocr_boxes,2026-09-20,ocr_boxes-1,2026-09-20,parts-2026-09-20f,,,
https://cdn.shopify.com/s/files/1/2325/2729/files/Bandmaster-AA763-layout.pdf?5926397210715640943,,service_manual,pdf,200,771352,f069ab95316cd615625895864a6c3365c598afb8752bf64e0972ec6b125efd75,2026-09-19,1,ocr_boxes,2026-09-20,ocr_boxes-1,2026-09-20,parts-2026-09-20f,,,
https://cdn.shopify.com/s/files/1/2325/2729/files/Bandmaster-AA763-schematic.pdf?5926397210715640943,,service_manual,pdf,200,511556,03324187a5f49a8aaeff38e213523538282ee46b33091f3a311815b94508a215,2026-09-19,1,ocr_boxes,2026-09-20,ocr_boxes-1,2026-09-20,parts-2026-09-20f,,,
https://cdn.shopify.com/s/files/1/2325/2729/files/Bandmaster-AB763-layout.pdf?5926397210715640943,,service_manual,pdf,200,739121,138b436acdfa1de450aed27fb01c2f6d15fdcefe9f2c3e6bfb4f30347ff19b54,2026-09-19,1,ocr_boxes,2026-09-20,ocr_boxes-1,2026-09-20,parts-2026-09-20f,,,
https://cdn.shopify.com/s/files/1/2325/2729/files/Bandmaster-AB763-schematic.pdf?5926397210715640943,,service_manual,pdf,200,551714,d592307ca216a9a5822993eaf1ff78d7855568df33dd720ef98460ef41a05014,2026-09-19,1,ocr_boxes,2026-09-20,ocr_boxes-1,2026-09-20,parts-2026-09-20f,,,
https://cdn.shopify.com/s/files/1/2325/2729/files/Bandmaster-AC568-Layout.pdf?5926397210715640943,,service_manual,pdf,200,1373311,9f7da5db4048fdd3116aed4ebda33ea262f22b768f0a8a0e297a9692a5f1abb1,2026-09-19,1,ocr_boxes,2026-09-20,ocr_boxes-1,2026-09-20,parts-2026-09-20f,,,
https://cdn.shopify.com/s/files/1/2325/2729/files/Bandmaster-AC568-Schematic.pdf?5926397210715640943,,service_manual,pdf,200,1042204,0e2f5f672e3de754e340bffcef0cf1689bb4e58cc7fe639d12f4109dcfdbc42f,2026-09-19,1,ocr_boxes,2026-09-20,ocr_boxes-1,2026-09-20,parts-2026-09-20f,,,
https://cdn.shopify.com/s/files/1/2325/2729/files/Bandmaster-Reverb-AA1069-Layout.pdf?5926397210715640943,,service_manual,pdf,200,1315361,eae8547f05c267f345d4b4ed407d64a59d5ebe09c8713dc9aac31171b846d813,2026-09-19,1,ocr_boxes,2026-09-20,ocr_boxes-1,2026-09-20,parts-2026-09-20f,,,
https://cdn.shopify.com/s/files/1/2325/2729/files/Bandmaster-Reverb-AA1069-Schematic.pdf?5926397210715640943,,service_manual,pdf,200,1005233,79b2ee032ad3d7ac501bb280d5cc46e8a243083b2d9eb8b8eb21b9937dddf053,2026-09-19,1,ocr_boxes,2026-09-20,ocr_boxes-1,2026-09-20,parts-2026-09-20f,,,
https://cdn.shopify.com/s/files/1/2325/2729/files/Bandmaster-Reverb-AA270-Layout.pdf?5926397210715640943,,service_manual,pdf,200,1317106,f1385128ee30dca7560ccca030813db6b7c28599490996499c0c81bec5ad467b,2026-09-19,1,ocr_boxes,2026-09-20,ocr_boxes-1,2026-09-20,parts-2026-09-20f,,,
https://cdn.shopify.com/s/files/1/2325/2729/files/Bandmaster-Reverb-AA270-Schematic.pdf?5926397210715640943,,service_manual,pdf,200,1041383,80ac9ed60c8ea6974be931e93fc038425871246cb102d2d05ae8d8aa2dcd8dca,2026-09-19,1,ocr_boxes,2026-09-20,ocr_boxes-1,2026-09-20,parts-2026-09-20f,,,
https://cdn.shopify.com/s/files/1/2325/2729/files/Bandmaster-Reverb-AA768-Layout.pdf?5926397210715640943,,service_manual,pdf,200,1372641,de11deacef5bd2434687def4d56c88edd4dabecd38c70d161dc4ba0c53bc2e13,2026-09-19,1,ocr_boxes,2026-09-20,ocr_boxes-1,2026-09-20,parts-2026-09-20f,,,
https://cdn.shopify.com/s/files/1/2325/2729/files/Bandmaster-Reverb-AA768-Schematic.pdf?5926397210715640943,,service_manual,pdf,200,628202,13d27c5603536641713ed19bfb9cea6ed1cd41da31542afd2218283e04c740e1,2026-09-19,1,ocr_boxes,2026-09-20,ocr_boxes-1,2026-09-20,parts-2026-09-20f,,,
https://cdn.shopify.com/s/files/1/2325/2729/files/Bantam-Bass-CFA7003.pdf?5926397210715640943,,service_manual,pdf,200,839885,596bbc5a077b17773e059abfb96b985a7781d20cf5d4f220c29dbf5f49f202e2,2026-09-19,1,ocr_boxes,2026-09-20,ocr_boxes-1,2026-09-20,parts-2026-09-20f,,,
https://cdn.shopify.com/s/files/1/2325/2729/files/Bassman-100-Amp-Schematic.pdf?5926397210715640943,,service_manual,pdf,200,1172622,55e184b8818c8d8907ba736e8cb5c4e52e0d2f78f49d07053c34f96bb75e6b19,2026-09-19,1,ocr_boxes,2026-09-20,ocr_boxes-1,2026-09-20,parts-2026-09-20f,,,
https://cdn.shopify.com/s/files/1/2325/2729/files/Bassman-135-Schematic.pdf?5926397210715640943,,service_manual,pdf,200,1128077,31478d366cd55f37a77198f2c25eacd1ba405958a8ca7a2df316e763972e7198,2026-09-19,1,ocr_boxes,2026-09-20,ocr_boxes-1,2026-09-20,parts-2026-09-20f,,,
https://cdn.shopify.com/s/files/1/2325/2729/files/Bassman-20-Amp-Schematic.pdf?5926397210715640943,,service_manual,pdf,200,843647,9921e43991b2d92f7e24a1d9d040b79ba025beb1144ef1b2c7ad234a1e1e6dbe,2026-09-19,1,ocr_boxes,2026-09-20,ocr_boxes-1,2026-09-20,parts-2026-09-20f,,,
https://cdn.shopify.com/s/files/1/2325/2729/files/Bassman-5A6-Schematic.pdf?5926397210715640943,,service_manual,pdf,200,1050051,1ddc829eb56702ec643cec66db10bb3d20de72c508bd4a9a9617bde6b7b84416,2026-09-19,1,ocr_boxes,2026-09-20,ocr_boxes-1,2026-09-20,parts-2026-09-20f,,,
https://cdn.shopify.com/s/files/1/2325/2729/files/Bassman-5B6-Layout.pdf?5926397210715640943,,service_manual,pdf,200,1220159,8be6a4a7e4c7a084c37ce89b3ca906be199b54faae03497f632e9cb7101058fe,2026-09-19,1,ocr_boxes,2026-09-20,ocr_boxes-1,2026-09-20,parts-2026-09-20f,,,
https://cdn.shopify.com/s/files/1/2325/2729/files/Bassman-5B6-Schematic.pdf?5926397210715640943,,service_manual,pdf,200,1044211,0d3265c334b3e045bb9e79437daa72981f99d3f56e92e2e0afc8e7482e2898c5,2026-09-19,1,ocr_boxes,2026-09-20,ocr_boxes-1,2026-09-20,parts-2026-09-20f,,,
https://cdn.shopify.com/s/files/1/2325/2729/files/Bassman-5D6-A-Layout.pdf?5926397210715640943,,service_manual,pdf,200,1243188,47c8152b08257154b86fb0823ad866c9ae54788a113efdd8072bccf0ad0ee65f,2026-09-19,1,ocr_boxes,2026-09-20,ocr_boxes-1,2026-09-20,parts-2026-09-20f,,,
https://cdn.shopify.com/s/files/1/2325/2729/files/Bassman-5D6-A-Schematic.pdf?5926397210715640943,,service_manual,pdf,200,743958,be60d5a0243a52ebaa81f18ea0ff5c3357fbdd32743c7ea11d71c12f1aed41f0,2026-09-19,1,ocr_boxes,2026-09-20,ocr_boxes-1,2026-09-20,parts-2026-09-20f,,,
https://cdn.shopify.com/s/files/1/2325/2729/files/Bassman-5E6-A-Layout.pdf?5926397210715640943,,service_manual,pdf,200,1231398,7f98d500df72b7e543fdd0bd3b7428ac97834ff4413b1d065298293a5316313d,2026-09-19,1,ocr_boxes,2026-09-20,ocr_boxes-1,2026-09-20,parts-2026-09-20f,,,
https://cdn.shopify.com/s/files/1/2325/2729/files/Bassman-5E6-A-Schematic.pdf?5926397210715640943,,service_manual,pdf,200,1003892,b38cdcdddbe0a041fdc69d744b8cec91a42671ae3352422c289a99e7b18cc2cc,2026-09-19,1,ocr_boxes,2026-09-20,ocr_boxes-1,2026-09-20,parts-2026-09-20f,,,
https://cdn.shopify.com/s/files/1/2325/2729/files/Bassman-5E6-Layout.pdf?5926397210715640943,,service_manual,pdf,200,1245493,58f8758938a9cb812625f52ab9a3a0e4c86c13067eac513e4cb24baac89d4d3d,2026-09-19,1,ocr_boxes,2026-09-20,ocr_boxes-1,2026-09-20,parts-2026-09-20f,,,
https://cdn.shopify.com/s/files/1/2325/2729/files/Bassman-5E6-Schematic.pdf?5926397210715640943,,service_manual,pdf,200,987954,ab6c6ce50646a5fc4924eea74bf0848d11a2f2fda844b6512949ee1a996d656d,2026-09-19,1,ocr_boxes,2026-09-20,ocr_boxes-1,2026-09-20,parts-2026-09-20f,,,
https://cdn.shopify.com/s/files/1/2325/2729/files/Bassman-5F6-A-Layout.pdf?5926397210715640943,,service_manual,pdf,200,1184930,28700b679d2036bd3b66729c0d8e42316f69dbc7e05e83e2f85e155de7ef518b,2026-09-19,1,ocr_boxes,2026-09-20,ocr_boxes-1,2026-09-20,parts-2026-09-20f,,,
https://cdn.shopify.com/s/files/1/2325/2729/files/Bassman-5F6-A-Schematic.pdf?5926397210715640943,,service_manual,pdf,200,977689,a779fabf20e1fb1b58819618f2ea048319e40287ceff15126b659d8d2358f657,2026-09-19,1,ocr_boxes,2026-09-20,ocr_boxes-1,2026-09-20,parts-2026-09-20f,,,
https://cdn.shopify.com/s/files/1/2325/2729/files/Bassman-5F6-Layout.pdf?5926397210715640943,,service_manual,pdf,200,1199946,3ff2940788885e5b851798b2e624c40d708d942c40d634905bc7cc372906d46f,2026-09-19,1,ocr_boxes,2026-09-20,ocr_boxes-1,2026-09-20,parts-2026-09-20f,,,
https://cdn.shopify.com/s/files/1/2325/2729/files/Bassman-5F6-Schematic.pdf?5926397210715640943,,service_manual,pdf,200,983191,28704da8774f4d6d50ec03e13ea2ecbe9e57ac5545471e9e0697493cc8031a42,2026-09-19,1,ocr_boxes,2026-09-20,ocr_boxes-1,2026-09-20,parts-2026-09-20f,,,
https://cdn.shopify.com/s/files/1/2325/2729/files/Bassman-6G6-A-Layout.pdf?5926397210715640943,,service_manual,pdf,200,1318865,ce8ded0ab6ab0eff0a7ae723552a495ebce273ce7f8d9c2fc682d7a238ebe700,2026-09-19,1,ocr_boxes,2026-09-20,ocr_boxes-1,2026-09-20,parts-2026-09-20f,,,
https://cdn.shopify.com/s/files/1/2325/2729/files/Bassman-6G6-A-Schematic.pdf?5926397210715640943,,service_manual,pdf,200,1050001,43c2634ca0a24a2584d099bb38013e081dc83a3bca347929f56368698e0cb18c,2026-09-19,1,ocr_boxes,2026-09-20,ocr_boxes-1,2026-09-20,parts-2026-09-20f,,,
https://cdn.shopify.com/s/files/1/2325/2729/files/Bassman-6G6-B-Layout.pdf?5926397210715640943,,service_manual,pdf,200,1287782,f77e4841df2b1d449a4e71e9bf49b95065c55c8905962a3706f37b65e2949112,2026-09-19,1,ocr_boxes,2026-09-20,ocr_boxes-1,2026-09-20,parts-2026-09-20f,,,
https://cdn.shopify.com/s/files/1/2325/2729/files/Bassman-6G6-B-Schematic.pdf?5926397210715640943,,service_manual,pdf,200,973096,2f7e30e12296bb2a1e568586badf094a39e88ef10e314f1174d8fbf8e9121c85,2026-09-19,1,ocr_boxes,2026-09-20,ocr_boxes-1,2026-09-20,parts-2026-09-20f,,,
https://cdn.shopify.com/s/files/1/2325/2729/files/Bassman-6G6-Layout.pdf?5926397210715640943,,service_manual,pdf,200,1024482,d0a31698ab4a72d93e6aa0394d6244713f30ef962546165ca0fb28a004d50a04,2026-09-19,1,ocr_boxes,2026-09-20,ocr_boxes-1,2026-09-20,parts-2026-09-20f,,,
https://cdn.shopify.com/s/files/1/2325/2729/files/Bassman-6G6-Schematic.pdf?5926397210715640943,,service_manual,pdf,200,1012433,84c4914d998069e62337680a5ebd85fb0c7537be1cf11e8f288816e52d68550f,2026-09-19,1,ocr_boxes,2026-09-20,ocr_boxes-1,2026-09-20,parts-2026-09-20f,,,
https://cdn.shopify.com/s/files/1/2325/2729/files/Bassman-70-Amp-Schematic.pdf?5926397210715640943,,service_manual,pdf,200,1150260,e0d52fb537b17c2c471bb29d18062fe415c76dab07f64674fc8eb680f23f5ea2,2026-09-19,1,ocr_boxes,2026-09-20,ocr_boxes-1,2026-09-20,parts-2026-09-20f,,,
https://cdn.shopify.com/s/files/1/2325/2729/files/Bassman-AA165-layout.pdf?5926397210715640943,,service_manual,pdf,200,668691,83f6d59ccf3a8da2879b15a0e82bbb676a82eca524eda69563dbf02911f19970,2026-09-19,1,ocr_boxes,2026-09-20,ocr_boxes-1,2026-09-20,parts-2026-09-20f,,,
https://cdn.shopify.com/s/files/1/2325/2729/files/Bassman-AA165-schematic.pdf?5926397210715640943,,service_manual,pdf,200,608995,85391b83a1a000b7e4ad1c04653ad2c602720068bb1221f3dbf7efb9cae4ddf3,2026-09-19,1,ocr_boxes,2026-09-20,ocr_boxes-1,2026-09-20,parts-2026-09-20f,,,
https://cdn.shopify.com/s/files/1/2325/2729/files/Bassman-AA270-Layout.pdf?5926397210715640943,,service_manual,pdf,200,1305828,5988fe0bcb568e720472a84a4ad6689a8d9eb228673baaccb72452060db51371,2026-09-19,1,ocr_boxes,2026-09-20,ocr_boxes-1,2026-09-20,parts-2026-09-20f,,,
https://cdn.shopify.com/s/files/1/2325/2729/files/Bassman-AA270-Schematic.pdf?5926397210715640943,,service_manual,pdf,200,1061269,24b083d9cf7c072072cb63b9a7f38d7fbaed116a46e1526ce9bfb5df7aa3768b,2026-09-19,1,ocr_boxes,2026-09-20,ocr_boxes-1,2026-09-20,parts-2026-09-20f,,,
https://cdn.shopify.com/s/files/1/2325/2729/files/Bassman-AA371-Layout.pdf?5926397210715640943,,service_manual,pdf,200,1083067,d88400dbbdb549c4e2d0f9def371189845a764cd6b1f3d92df61658002bd693a,2026-09-19,1,ocr_boxes,2026-09-20,ocr_boxes-1,2026-09-20,parts-2026-09-20f,,,
https://cdn.shopify.com/s/files/1/2325/2729/files/Bassman-AA371-Schematic.pdf?5926397210715640943,,service_manual,pdf,200,1016112,ce46193b6e24a218178d624dfd41eb76fbe6cdfefe20e407f478f312f555792e,2026-09-19,1,ocr_boxes,2026-09-20,ocr_boxes-1,2026-09-20,parts-2026-09-20f,,,
https://cdn.shopify.com/s/files/1/2325/2729/files/Bassman-AA864-layout.pdf?5926397210715640943,,service_manual,pdf,200,655084,7ef8d37790de936a9f07cb9152efebce64d954945bcec656d81d0b2e6d85870b,2026-09-19,1,ocr_boxes,2026-09-20,ocr_boxes-1,2026-09-20,parts-2026-09-20f,,,
https://cdn.shopify.com/s/files/1/2325/2729/files/Bassman-AA864-schematic.pdf?5926397210715640943,,service_manual,pdf,200,574783,2389fd286e50cc05bd9979a16288d922133c7ac371bee0732cf947b0d8869330,2026-09-19,1,ocr_boxes,2026-09-20,ocr_boxes-1,2026-09-20,parts-2026-09-20f,,,
https://cdn.shopify.com/s/files/1/2325/2729/files/Bassman-AB165-layout.pdf?5926397210715640943,,service_manual,pdf,200,799329,5a2dcc92b9285193c55ff2cb6d7c20966e9acac183408f1c0d6dd0ee67590596,2026-09-19,1,ocr_boxes,2026-09-20,ocr_boxes-1,2026-09-20,parts-2026-09-20f,,,
https://cdn.shopify.com/s/files/1/2325/2729/files/Bassman-AB165-schematic.pdf?5926397210715640943,,service_manual,pdf,200,551740,895cf9d51d763d9d818037626f2d762f21447f6c0e0591a4d8e44785cef5c08c,2026-09-19,1,ocr_boxes,2026-09-20,ocr_boxes-1,2026-09-20,parts-2026-09-20f,,,
https://cdn.shopify.com/s/files/1/2325/2729/files/Bassman-Ten-70-Watt-Schematic.pdf?5926397210715640943,,service_manual,pdf,200,918058,0720b117dec3cdbb789a159eadda57c37881bc4d29f34e782a8b1effd76b53c1,2026-09-19,1,ocr_boxes,2026-09-20,ocr_boxes-1,2026-09-20,parts-2026-09-20f,,,
https://cdn.shopify.com/s/files/1/2325/2729/files/Bassman-Ten-Amp-Schematic.pdf?5926397210715640943,,service_manual,pdf,200,1073542,2eb4e17551d819a0c8b8edb8f098f7c084e8e9313b79de9e6e100593798b6e8b,2026-09-19,1,ocr_boxes,2026-09-20,ocr_boxes-1,2026-09-20,parts-2026-09-20f,,,
https://cdn.shopify.com/s/files/1/2325/2729/files/Bronco-AA764-Schematic.pdf?5926397210715640943,,service_manual,pdf,200,359173,987655809f8ef7dbaed60c24389b84a248b73a76360bd36a1ab4d4ba613a17fa,2026-09-19,1,ocr_boxes,2026-09-20,ocr_boxes-1,2026-09-20,parts-2026-09-20f,,,
https://cdn.shopify.com/s/files/1/2325/2729/files/Bronco-AA764-layout.pdf?5926397210715640943,,service_manual,pdf,200,393999,37edde3b75dbe0b67fd014d455cd4b40562958df60117ed51333a2deb19d66a0,2026-09-19,1,ocr_boxes,2026-09-20,ocr_boxes-1,2026-09-20,parts-2026-09-20f,,,
https://cdn.shopify.com/s/files/1/2325/2729/files/Champ-5C1-Layout.pdf?5926397210715640943,,service_manual,pdf,200,902113,e74300d953c1cdb375b6b2ad23ce5e5385b0bd23eb4f223b77a5e09b7d7591f3,2026-09-19,1,ocr_boxes,2026-09-20,ocr_boxes-1,2026-09-20,parts-2026-09-20f,,,
https://cdn.shopify.com/s/files/1/2325/2729/files/Champ-5C1-Schematic.pdf?5926397210715640943,,service_manual,pdf,200,523190,7dabdce7ae2ba8c2cdb2ffbc965fb07a71ad7dd120602cfde7dfd26480afa9d4,2026-09-19,1,ocr_boxes,2026-09-20,ocr_boxes-1,2026-09-20,parts-2026-09-20f,,,
https://cdn.shopify.com/s/files/1/2325/2729/files/Champ-5E1-Layout.pdf?5926397210715640943,,service_manual,pdf,200,768731,993d1d76f7d7e8c2262c683feb313d510ee566835f411d27e7b5027b80f78fd2,2026-09-19,1,ocr_boxes,2026-09-20,ocr_boxes-1,2026-09-20,parts-2026-09-20f,,,
https://cdn.shopify.com/s/files/1/2325/2729/files/Champ-5E1-Schematic.pdf?5926397210715640943,,service_manual,pdf,200,380964,03370fe0fb30beb4a1b84bce993dd68e3625616994cf7d8dc591ff0b49f5ebff,2026-09-19,1,ocr_boxes,2026-09-20,ocr_boxes-1,2026-09-20,parts-2026-09-20f,,,
https://cdn.shopify.com/s/files/1/2325/2729/files/Champ-5F1-Layout.pdf?5926397210715640943,,service_manual,pdf,200,645787,85e81eb9f61d4e9727e106735488c3663a813dd096f8332d50014725546c0e91,2026-09-19,1,ocr_boxes,2026-09-20,ocr_boxes-1,2026-09-20,parts-2026-09-20f,,,
https://cdn.shopify.com/s/files/1/2325/2729/files/Champ-5F1-Schematic.pdf?5926397210715640943,,service_manual,pdf,200,2182504,63e446868a4ab388bf7be5e0daf8340f23715beb891313a52c1c2a33854ae2fa,2026-09-19,1,ocr_boxes,2026-09-20,ocr_boxes-1,2026-09-20,parts-2026-09-20f,,,
https://cdn.shopify.com/s/files/1/2325/2729/files/Champ-AA764-Schematic.pdf?5926397210715640943,,service_manual,pdf,200,334026,b26efa41a272dfbf9a5142074c9fc5850c059e8a1e9bd0dd2fcb9833aac4e898,2026-09-19,1,ocr_boxes,2026-09-20,ocr_boxes-1,2026-09-20,parts-2026-09-20f,,,
https://cdn.shopify.com/s/files/1/2325/2729/files/Champ-AA764-layout.pdf?5926397210715640943,,service_manual,pdf,200,338857,1c974072a51ee76e589267a6baacd6e0742fe56158a6d73f3c1fac9342582550,2026-09-19,1,ocr_boxes,2026-09-20,ocr_boxes-1,2026-09-20,parts-2026-09-20f,,,
https://cdn.shopify.com/s/files/1/2325/2729/files/Concert-6G12-A-Layout.pdf?5926397210715640943,,service_manual,pdf,200,1264574,87cfc20ce4cfb16fbf25e9355696e68d5a511b8a7d9883d2dbe337030d04a64d,2026-09-19,1,ocr_boxes,2026-09-20,ocr_boxes-1,2026-09-20,parts-2026-09-20f,,,
https://cdn.shopify.com/s/files/1/2325/2729/files/Concert-6G12-A-Schematic.pdf?5926397210715640943,,service_manual,pdf,200,814166,1c7e07b319c4bc2c02475e7d8f1a4df730ac6f5be43d57cf87d90d396d2c3177,2026-09-19,1,ocr_boxes,2026-09-20,ocr_boxes-1,2026-09-20,parts-2026-09-20f,,,
https://cdn.shopify.com/s/files/1/2325/2729/files/Concert-6G12-Layout.pdf?5926397210715640943,,service_manual,pdf,200,1166259,a22b680174e3600fdd5ca5685aa05152fbcd1b78fd0bfae80fc7b027597a6da7,2026-09-19,1,ocr_boxes,2026-09-20,ocr_boxes-1,2026-09-20,parts-2026-09-20f,,,
https://cdn.shopify.com/s/files/1/2325/2729/files/Concert-6G12-Schematic.pdf?5926397210715640943,,service_manual,pdf,200,1094274,d5c3278a61533f5c240bf29778731ba0bb5d90d4cac7069695ecf6f547f8f243,2026-09-19,1,ocr_boxes,2026-09-20,ocr_boxes-1,2026-09-20,parts-2026-09-20f,,,
https://cdn.shopify.com/s/files/1/2325/2729/files/Concert-AA763-layout.pdf?5926397210715640943,,service_manual,pdf,200,846756,98fbcfb7fcfaa26e0cc0d3de7cb50eff7b4957e3e0c6233e215950035a908b23,2026-09-19,1,ocr_boxes,2026-09-20,ocr_boxes-1,2026-09-20,parts-2026-09-20f,,,
https://cdn.shopify.com/s/files/1/2325/2729/files/Concert-AA763-schematic.pdf?5926397210715640943,,service_manual,pdf,200,615780,652e4fe99019a0f5cb55ca84ee63fc621971825d7c489f93caf0d2a5df3af49f,2026-09-19,1,ocr_boxes,2026-09-20,ocr_boxes-1,2026-09-20,parts-2026-09-20f,,,
https://cdn.shopify.com/s/files/1/2325/2729/files/Concert-AB763-Layout.pdf?5926397210715640943,,service_manual,pdf,200,1262041,8cc1ef6346c98d657ca83a402c1918e533e6140b83b47e95938e01d79ded292b,2026-09-19,1,ocr_boxes,2026-09-20,ocr_boxes-1,2026-09-20,parts-2026-09-20f,,,
https://cdn.shopify.com/s/files/1/2325/2729/files/Concert-AB763-Schematic.pdf?5926397210715640943,,service_manual,pdf,200,810280,10aac58b23c4ada698c65ea1a8f1c159383ab4f9669f310284aed76b24e80923,2026-09-19,1,ocr_boxes,2026-09-20,ocr_boxes-1,2026-09-20,parts-2026-09-20f,,,
https://cdn.shopify.com/s/files/1/2325/2729/files/Deluxe-5B3-layout.pdf?5926397210715640943,,service_manual,pdf,200,879175,eb3d4fff9cefd020e1b2fed5f9579b424554eb4c055a31f53c11bccc0307e18e,2026-09-19,1,ocr_boxes,2026-09-20,ocr_boxes-1,2026-09-20,parts-2026-09-20f,,,
https://cdn.shopify.com/s/files/1/2325/2729/files/Deluxe-5B3-schematic.pdf?5926397210715640943,,service_manual,pdf,200,355295,7ac68fb672a1f373356c46b4b3c8a4c1d1213f57ed26b7237af985ed4505203f,2026-09-19,1,ocr_boxes,2026-09-20,ocr_boxes-1,2026-09-20,parts-2026-09-20f,,,
https://cdn.shopify.com/s/files/1/2325/2729/files/Deluxe-5C3-layout.pdf?5926397210715640943,,service_manual,pdf,200,872184,25cfc943f8d28a9ed17334a72048928208139d999d9e476ca767c1e6a09887f6,2026-09-19,1,ocr_boxes,2026-09-20,ocr_boxes-1,2026-09-20,parts-2026-09-20f,,,
https://cdn.shopify.com/s/files/1/2325/2729/files/Deluxe-5C3-schematic.pdf?5926397210715640943,,service_manual,pdf,200,554742,8feff6bb73e98cb06a96059c9c5116f5740fca331cdfa403233f297f5e52a909,2026-09-19,1,ocr_boxes,2026-09-20,ocr_boxes-1,2026-09-20,parts-2026-09-20f,,,
https://cdn.shopify.com/s/files/1/2325/2729/files/Deluxe-5D3-layout.pdf?5926397210715640943,,service_manual,pdf,200,900080,9046a95aff8255e2d371296b31431e36332fb96cb56e4f1596624dfd94f3733d,2026-09-19,1,ocr_boxes,2026-09-20,ocr_boxes-1,2026-09-20,parts-2026-09-20f,,,
https://cdn.shopify.com/s/files/1/2325/2729/files/Deluxe-5D3-schematic.pdf?5926397210715640943,,service_manual,pdf,200,474850,b938825e988e08e91ab68ddb7bceed7f6ecfe5ff5bc9d70ede66c89f8036ac9f,2026-09-19,1,ocr_boxes,2026-09-20,ocr_boxes-1,2026-09-20,parts-2026-09-20f,,,
https://cdn.shopify.com/s/files/1/2325/2729/files/Deluxe-5E3-Layout.pdf?5926397210715640943,,service_manual,pdf,200,899862,31ba475ea15327e3a2434a41f214b297a6fa13a95787cf2332d476f025167549,2026-09-19,1,ocr_boxes,2026-09-20,ocr_boxes-1,2026-09-20,parts-2026-09-20f,,,
https://cdn.shopify.com/s/files/1/2325/2729/files/Deluxe-5E3-schematic.pdf?5926397210715640943,,service_manual,pdf,200,579582,ebb2ac4b30e455de2c23a084678186db658600532950169d744570dbc21da372,2026-09-19,1,ocr_boxes,2026-09-20,ocr_boxes-1,2026-09-20,parts-2026-09-20f,,,
https://cdn.shopify.com/s/files/1/2325/2729/files/Deluxe-6G3-Layout.pdf?5926397210715640943,,service_manual,pdf,200,886322,cff01acd2249a4355ab441b15a5351dc4ccfbe66296b6cab0f10c5d3f869954d,2026-09-19,1,ocr_boxes,2026-09-20,ocr_boxes-1,2026-09-20,parts-2026-09-20f,,,
https://cdn.shopify.com/s/files/1/2325/2729/files/Deluxe-6G3-Schematic.pdf?5926397210715640943,,service_manual,pdf,200,724796,e754b86d1b404182872fac4a0a65a991053c6dad0e002695bfa4c7cee73ac04f,2026-09-19,1,ocr_boxes,2026-09-20,ocr_boxes-1,2026-09-20,parts-2026-09-20f,,,
https://cdn.shopify.com/s/files/1/2325/2729/files/Deluxe-AA763-layout.pdf?5926397210715640943,,service_manual,pdf,200,696367,76810cdfd0a0391f422bb97939ed8d1b8a90eb6f25b2d74c9807f3e0bea1e837,2026-09-19,1,ocr_boxes,2026-09-20,ocr_boxes-1,2026-09-20,parts-2026-09-20f,,,
https://cdn.shopify.com/s/files/1/2325/2729/files/Deluxe-AA763-schematic.pdf?5926397210715640943,,service_manual,pdf,200,533219,7da019a7f572ea95e9620585a88bd0971d29017a8f5155279b45ed4944c86b99,2026-09-19,1,ocr_boxes,2026-09-20,ocr_boxes-1,2026-09-20,parts-2026-09-20f,,,
https://cdn.shopify.com/s/files/1/2325/2729/files/Deluxe-AB763-layout.pdf?5926397210715640943,,service_manual,pdf,200,543505,03e3fa500e0b767977ab6425b2a2ce1ea56511bcaebadb5fac374fe0cee90f75,2026-09-19,1,ocr_boxes,2026-09-20,ocr_boxes-1,2026-09-20,parts-2026-09-20f,,,
https://cdn.shopify.com/s/files/1/2325/2729/files/Deluxe-AB763-schematic.pdf?5926397210715640943,,service_manual,pdf,200,496785,a9e00040ec5a59a71d91dba4e4a6a3cac4656db96114151b7f38de1492a3c5c8,2026-09-19,1,ocr_boxes,2026-09-20,ocr_boxes-1,2026-09-20,parts-2026-09-20f,,,
https://cdn.shopify.com/s/files/1/2325/2729/files/Deluxe-Reverb-AA763-layout.pdf?5926397210715640943,,service_manual,pdf,200,555948,ce4fbf14864f7ffe86b01df4c435e0bfa137b627fe92dde2d66259b15119d592,2026-09-19,1,ocr_boxes,2026-09-20,ocr_boxes-1,2026-09-20,parts-2026-09-20f,,,
https://cdn.shopify.com/s/files/1/2325/2729/files/Deluxe-Reverb-AA763-schematic.pdf?5926397210715640943,,service_manual,pdf,200,631901,94dbd1925524e866f7bedc36840cd286e4d50fc49105be2a02f491968b15823e,2026-09-19,1,ocr_boxes,2026-09-20,ocr_boxes-1,2026-09-20,parts-2026-09-20f,,,
https://cdn.shopify.com/s/files/1/2325/2729/files/Deluxe-Reverb-AB763-layout.pdf?5926397210715640943,,service_manual,pdf,200,750749,af452aaee534b5ab00790c29059bbf87407b87a48045fd816633f7649cb546c4,2026-09-19,1,ocr_boxes,2026-09-20,ocr_boxes-1,2026-09-20,parts-2026-09-20f,,,
https://cdn.shopify.com/s/files/1/2325/2729/files/Deluxe-Reverb-AB763-schematic.pdf?5926397210715640943,,service_manual,pdf,200,568251,7b26aae32a5c513168e66b8d3fd2e7e07a904b5563b59ed7cf676c24f80af12b,2026-09-19,1,ocr_boxes,2026-09-20,ocr_boxes-1,2026-09-20,parts-2026-09-20f,,,
https://cdn.shopify.com/s/files/1/2325/2729/files/Deluxe-Reverb-AB868-layout.pdf?5926397210715640943,,service_manual,pdf,200,838199,c3f8acf6b1aef5a1beb0463ca1e755d76dd75f8fa167512190b44bc8488c97c6,2026-09-19,1,ocr_boxes,2026-09-20,ocr_boxes-1,2026-09-20,parts-2026-09-20f,,,
https://cdn.shopify.com/s/files/1/2325/2729/files/Deluxe-Reverb-AB868-schematic.pdf?5926397210715640943,,service_manual,pdf,200,683654,dc0f754670a5a272c7b9112be9c18c20208c244688dfae6327408ba60bee170d,2026-09-19,1,ocr_boxes,2026-09-20,ocr_boxes-1,2026-09-20,parts-2026-09-20f,,,
https://cdn.shopify.com/s/files/1/2325/2729/files/Deluxe-Reverb-w-Boost-Schematic.pdf?5926397210715640943,,service_manual,pdf,200,987152,7888a472116da88868e69332c857b986ba0f742d1258ec0da45e31bbcf9dd25b,2026-09-19,1,ocr_boxes,2026-09-20,ocr_boxes-1,2026-09-20,parts-2026-09-20f,,,
https://cdn.shopify.com/s/files/1/2325/2729/files/Dual-Showman-AC568-Layout.pdf?5926397210715640943,,service_manual,pdf,200,1442745,86f3a76cc5d39a7534ded947110556bf19429dec9828e3d4a99d75e1ef8f9fdd,2026-09-19,1,ocr_boxes,2026-09-20,ocr_boxes-1,2026-09-20,parts-2026-09-20f,,,
https://cdn.shopify.com/s/files/1/2325/2729/files/Dual-Showman-AC568-Schematic.pdf?5926397210715640943,,service_manual,pdf,200,1208232,ef221029f91e37384071695614ae978e8e46335d57616b840fb8dc3ac107f624,2026-09-19,1,ocr_boxes,2026-09-20,ocr_boxes-1,2026-09-20,parts-2026-09-20f,,,
https://cdn.shopify.com/s/files/1/2325/2729/files/Dual-Showman-Reverb-AA270-Layout.pdf?5926397210715640943,,service_manual,pdf,200,1260989,8c5577c3e1da865b91bc51e6714bfb74ed1cfd91eb89b5ef4e25f641ce89fc55,2026-09-19,1,ocr_boxes,2026-09-20,ocr_boxes-1,2026-09-20,parts-2026-09-20f,,,
https://cdn.shopify.com/s/files/1/2325/2729/files/Dual-Showman-Reverb-AA270-Schematic.pdf?5926397210715640943,,service_manual,pdf,200,1223242,5e0cae0719b0f5762424011bb40a5fd888b0321a5107ff568691257654a7126a,2026-09-19,1,ocr_boxes,2026-09-20,ocr_boxes-1,2026-09-20,parts-2026-09-20f,,,
https://cdn.shopify.com/s/files/1/2325/2729/files/Dual-Showman-Reverb-AA769-Layout.pdf?5926397210715640943,,service_manual,pdf,200,1281277,3acd1fb26d259bfa55a375c4b73a678cdd242e487b2ab6c1b6b663265419a11b,2026-09-19,1,ocr_boxes,2026-09-20,ocr_boxes-1,2026-09-20,parts-2026-09-20f,,,
https://cdn.shopify.com/s/files/1/2325/2729/files/Dual-Showman-Reverb-AA769-Schematic.pdf?5926397210715640943,,service_manual,pdf,200,964391,e541f62f2581e3d8cc9c8ded07219262d2e8cf912993b5bf611338be70d0cd5d,2026-09-19,1,ocr_boxes,2026-09-20,ocr_boxes-1,2026-09-20,parts-2026-09-20f,,,
https://cdn.shopify.com/s/files/1/2325/2729/files/Fender-Princeton-Amp.pdf?5926397210715640943,,service_manual,pdf,200,573089,f5de5a5287f2472502d527b9b4974c615c36b36a2c90d3cfcf669d55f0c0d69a,2026-09-19,1,ocr_boxes,2026-09-20,ocr_boxes-1,2026-09-20,parts-2026-09-20f,,,
https://cdn.shopify.com/s/files/1/2325/2729/files/Fender-Reverb-6G15-layout_8521702a-3e78-4ac9-8fb6-3d25db81ea8e.pdf?13286571360534828114,,service_manual,pdf,200,764792,346bea937dbce8e6ed786e76905cf067442287fe811bc313bfc581ed56d87cd1,2026-09-19,1,ocr_boxes,2026-09-20,ocr_boxes-1,2026-09-20,parts-2026-09-20f,,,
https://cdn.shopify.com/s/files/1/2325/2729/files/Fender-Reverb-6G15-schematic_08681528-9911-40e4-84bf-1040d7c5b36b.pdf?13286571360534828114,,service_manual,pdf,200,531937,fc33221e90383481028d141e297ad57b055441995fc7e17c31ee200a9186650f,2026-09-19,1,ocr_boxes,2026-09-20,ocr_boxes-1,2026-09-20,parts-2026-09-20f,,,
https://cdn.shopify.com/s/files/1/2325/2729/files/Harvard-5F10-Layout.pdf?5926397210715640943,,service_manual,pdf,200,1332661,4431263c7b5711c45644ccd13136767fcbda0d4779a75ce1e2b73d24049660ff,2026-09-19,1,ocr_boxes,2026-09-20,ocr_boxes-1,2026-09-20,parts-2026-09-20f,,,
https://cdn.shopify.com/s/files/1/2325/2729/files/Harvard-5F10-Schematic.pdf?5926397210715640943,,service_manual,pdf,200,981247,a709691825cdbf2643a5321deaed497b5564c771061fcd15ad1af38d8a469dce,2026-09-19,1,ocr_boxes,2026-09-20,ocr_boxes-1,2026-09-20,parts-2026-09-20f,,,
https://cdn.shopify.com/s/files/1/2325/2729/files/Harvard-6G10-Layout.pdf?5926397210715640943,,service_manual,pdf,200,1197375,8b143478d7d82800bd37b38c07c1632182711f2185175eed70235064c0f331d0,2026-09-19,1,ocr_boxes,2026-09-20,ocr_boxes-1,2026-09-20,parts-2026-09-20f,,,
https://cdn.shopify.com/s/files/1/2325/2729/files/Harvard-6G10-Schematic.pdf?5926397210715640943,,service_manual,pdf,200,906216,becd887aa715e7a3cedb3113711d7e219cadda8d69a1c52346028155d44d6e6a,2026-09-19,1,ocr_boxes,2026-09-20,ocr_boxes-1,2026-09-20,parts-2026-09-20f,,,
https://cdn.shopify.com/s/files/1/2325/2729/files/Princeton-52-Layout.pdf?5926397210715640943,,service_manual,pdf,200,1031693,7ad586eb137acea4429d37db8779c668f4b4bba41556778a52da252bed568633,2026-09-19,1,ocr_boxes,2026-09-20,ocr_boxes-1,2026-09-20,parts-2026-09-20f,,,
https://cdn.shopify.com/s/files/1/2325/2729/files/Princeton-5C2-Schematic.pdf?5926397210715640943,,service_manual,pdf,200,547026,277de99a0648ad9805856198f2e8aa564fce8fc9b9bf54d90b9d313e1cf1f1df,2026-09-19,1,ocr_boxes,2026-09-20,ocr_boxes-1,2026-09-20,parts-2026-09-20f,,,
https://cdn.shopify.com/s/files/1/2325/2729/files/Princeton-5D2-Layout.pdf?5926397210715640943,,service_manual,pdf,200,780300,99082f44258f5ed5b79498ffe49ccedfc23fc4117567c926be31d19cd545aefe,2026-09-19,1,ocr_boxes,2026-09-20,ocr_boxes-1,2026-09-20,parts-2026-09-20f,,,
https://cdn.shopify.com/s/files/1/2325/2729/files/Princeton-5D2-Schematic.pdf?5926397210715640943,,service_manual,pdf,200,611746,4b62371e7c31a103c33f4276e9830b9242f15ed62130e9a2d2880a2516f4a4b0,2026-09-19,1,ocr_boxes,2026-09-20,ocr_boxes-1,2026-09-20,parts-2026-09-20f,,,
https://cdn.shopify.com/s/files/1/2325/2729/files/Princeton-5E2-Layout.pdf?5926397210715640943,,service_manual,pdf,200,1074917,800c0a38f5d02d21dc9cc87d645b3507ce30e368f44bbc493a844d42ed0731a0,2026-09-19,1,ocr_boxes,2026-09-20,ocr_boxes-1,2026-09-20,parts-2026-09-20f,,,
https://cdn.shopify.com/s/files/1/2325/2729/files/Princeton-5E2-Schematic.pdf?5926397210715640943,,service_manual,pdf,200,835469,36999a979df45f1a3d257996eb72ad7abe2357ac8256a3badb1b4ce1e1335ede,2026-09-19,1,ocr_boxes,2026-09-20,ocr_boxes-1,2026-09-20,parts-2026-09-20f,,,
https://cdn.shopify.com/s/files/1/2325/2729/files/Princeton-5F2-Layout.pdf?5926397210715640943,,service_manual,pdf,200,1031697,53188b280bf25a726229fc7c1ae052f7796bbf254f3cadef9cb9443c97332bb7,2026-09-19,1,ocr_boxes,2026-09-20,ocr_boxes-1,2026-09-20,parts-2026-09-20f,,,
https://cdn.shopify.com/s/files/1/2325/2729/files/Princeton-5F2-Schematic.pdf?5926397210715640943,,service_manual,pdf,200,519491,3379b52275f97e1afe0ecc4d07c85dc22310c2fffe04c01a9a3e5406dbf9107e,2026-09-19,1,ocr_boxes,2026-09-20,ocr_boxes-1,2026-09-20,parts-2026-09-20f,,,
https://cdn.shopify.com/s/files/1/2325/2729/files/Princeton-5F2A-Layout.pdf?5926397210715640943,,service_manual,pdf,200,754814,b766dbc7992daafbbd3166c3144ad2ef361d6d7673126d6347ea598ffe72f6be,2026-09-19,1,ocr_boxes,2026-09-20,ocr_boxes-1,2026-09-20,parts-2026-09-20f,,,
https://cdn.shopify.com/s/files/1/2325/2729/files/Princeton-5F2A-Schematic.pdf?5926397210715640943,,service_manual,pdf,200,58331,938739ad08145b035d61c209474926e975a6c35f795296a9526c28d151ec7b52,2026-09-19,1,ocr_boxes,2026-09-20,ocr_boxes-1,2026-09-20,parts-2026-09-20f,,,
https://cdn.shopify.com/s/files/1/2325/2729/files/Princeton-6G2-Layout.pdf?5926397210715640943,,service_manual,pdf,200,1142895,23472c209360f64f4d97fe960fcc1999138dcf084cee28827655c7328b72492d,2026-09-19,1,ocr_boxes,2026-09-20,ocr_boxes-1,2026-09-20,parts-2026-09-20f,,,
https://cdn.shopify.com/s/files/1/2325/2729/files/Princeton-6G2-Schematic.pdf?5926397210715640943,,service_manual,pdf,200,81967,e8af7f93bdbdef209dcafa65e4513811d5ae9986e9339f36ec27c1be921ea2b3,2026-09-19,1,ocr_boxes,2026-09-20,ocr_boxes-1,2026-09-20,parts-2026-09-20f,,,
https://cdn.shopify.com/s/files/1/2325/2729/files/Princeton-AA964-Layout.pdf?5926397210715640943,,service_manual,pdf,200,898243,9d9691a08c5da2c4082572a6be13f6cbb18ce94582314eeacc06dbabf09d024d,2026-09-19,1,ocr_boxes,2026-09-20,ocr_boxes-1,2026-09-20,parts-2026-09-20f,,,
https://cdn.shopify.com/s/files/1/2325/2729/files/Princeton-AA964-layout_a73eb2a1-d04b-46bc-a2fc-1db19c935595.pdf?13286571360534828114,,service_manual,pdf,200,488731,1d82d163908710ee19922907be165cc2488131fa7ea3564e9418b135785919e7,2026-09-19,1,ocr_boxes,2026-09-20,ocr_boxes-1,2026-09-20,parts-2026-09-20f,,,
https://cdn.shopify.com/s/files/1/2325/2729/files/Princeton-AA964-schematic.pdf?13286571360534828114,,service_manual,pdf,200,352624,04238363ad43bd02b36121a3a1f23500068ff41e6aee8699df931d502b32ed4a,2026-09-19,1,ocr_boxes,2026-09-20,ocr_boxes-1,2026-09-20,parts-2026-09-20f,,,
https://cdn.shopify.com/s/files/1/2325/2729/files/Princeton-Reverb-AA1164-layout.pdf?5926397210715640943,,service_manual,pdf,200,551468,e770e605b9b82ce462ba4b43cffec975d87f2a6e53631ab2f06ef3ddf1e29216,2026-09-19,1,ocr_boxes,2026-09-20,ocr_boxes-1,2026-09-20,parts-2026-09-20f,,,
https://cdn.shopify.com/s/files/1/2325/2729/files/Princeton-Reverb-AA1164-schematic.pdf?5926397210715640943,,service_manual,pdf,200,410234,de4c39b209c2f5be9a3d949cdc16d883e88d2fe8f77fa89f58ce687bc52570e8,2026-09-19,1,ocr_boxes,2026-09-20,ocr_boxes-1,2026-09-20,parts-2026-09-20f,,,
https://cdn.shopify.com/s/files/1/2325/2729/files/Princeton-Reverb-B1270-layout.pdf?5926397210715640943,,service_manual,pdf,200,834707,5be5d1760a0d1de6b4691d80cd7a862bdc61dfec7dc3799f212e46a8f69977b5,2026-09-19,1,ocr_boxes,2026-09-20,ocr_boxes-1,2026-09-20,parts-2026-09-20f,,,
https://cdn.shopify.com/s/files/1/2325/2729/files/Princeton-Reverb-B1270-schematic1.pdf?5926397210715640943,,service_manual,pdf,200,4470973,7f7f4baaa79eba1c8eee1ebfb91e9cb9d6df3e7c2ae53c884727a2b92d84d8a6,2026-09-19,1,ocr_boxes,2026-09-20,ocr_boxes-1,2026-09-20,parts-2026-09-20f,,,
https://cdn.shopify.com/s/files/1/2325/2729/files/Pro-5A5-Layout.pdf?5926397210715640943,,service_manual,pdf,200,1178067,c8fb51ca772d0d7df4a572b4848721c925384c59c081ca9d5811fff66ffbc27f,2026-09-19,1,ocr_boxes,2026-09-20,ocr_boxes-1,2026-09-20,parts-2026-09-20f,,,
https://cdn.shopify.com/s/files/1/2325/2729/files/Pro-5A5-Schematic.pdf?5926397210715640943,,service_manual,pdf,200,1095247,c04ddd78f12c62debb9766ffde8de4f4914c69e1da8f96719bcd6b8cc0943046,2026-09-19,1,ocr_boxes,2026-09-20,ocr_boxes-1,2026-09-20,parts-2026-09-20f,,,
https://cdn.shopify.com/s/files/1/2325/2729/files/Pro-5B5-Layout.pdf?5926397210715640943,,service_manual,pdf,200,906528,ba2cf356e7bdcb47f9596f046a16ab093639f9cff83cd927ffa13b6059c878ec,2026-09-19,1,ocr_boxes,2026-09-20,ocr_boxes-1,2026-09-20,parts-2026-09-20f,,,
https://cdn.shopify.com/s/files/1/2325/2729/files/Pro-5B5-Schematic.pdf?5926397210715640943,,service_manual,pdf,200,761879,00c9cebadd928a3a0761cee96756f9dbf2aecaca57b513afb2ba8465e32e4a79,2026-09-19,1,ocr_boxes,2026-09-20,ocr_boxes-1,2026-09-20,parts-2026-09-20f,,,
https://cdn.shopify.com/s/files/1/2325/2729/files/Pro-5C5-Layout-Early-6SN7-Variant.pdf?5926397210715640943,,service_manual,pdf,200,1131670,d824557886e4e8f32b2330b7b9ceef3967c4984cbd4775672468b6f19cd26e5f,2026-09-19,1,ocr_boxes,2026-09-20,ocr_boxes-1,2026-09-20,parts-2026-09-20f,,,
https://cdn.shopify.com/s/files/1/2325/2729/files/Pro-5C5-Layout.pdf?5926397210715640943,,service_manual,pdf,200,1138163,036d99a555a0c964004b91d5d5c34bd9f3895b2ad2dffd2e2815123e112cafc6,2026-09-19,1,ocr_boxes,2026-09-20,ocr_boxes-1,2026-09-20,parts-2026-09-20f,,,
https://cdn.shopify.com/s/files/1/2325/2729/files/Pro-5C5-Schematic-6SN7-Variant.pdf?5926397210715640943,,service_manual,pdf,200,699978,255c52ffa4ce95fe3b45074f34a0c58c22c18581b0f530171302dc5d9a1c3263,2026-09-19,1,ocr_boxes,2026-09-20,ocr_boxes-1,2026-09-20,parts-2026-09-20f,,,
https://cdn.shopify.com/s/files/1/2325/2729/files/Pro-5D5-Layout.pdf?5926397210715640943,,service_manual,pdf,200,928710,a714e623c3e62ef5cb6e9c958e0b6561069b8774c947b2a66a17f01008405b7b,2026-09-19,1,ocr_boxes,2026-09-20,ocr_boxes-1,2026-09-20,parts-2026-09-20f,,,
https://cdn.shopify.com/s/files/1/2325/2729/files/Pro-5D5-Schematic.pdf?5926397210715640943,,service_manual,pdf,200,906452,ae003e7e42906fdac77cafd860704e1d36611b5e7f623323f6b42e200b0fbe6d,2026-09-19,1,ocr_boxes,2026-09-20,ocr_boxes-1,2026-09-20,parts-2026-09-20f,,,
https://cdn.shopify.com/s/files/1/2325/2729/files/Pro-5E5-A-Layout.pdf?5926397210715640943,,service_manual,pdf,200,1232251,8bdd95f063d1e7eef3632596f0dc3cd0520451ecfdd6923d171ff1dd8d2ae174,2026-09-19,1,ocr_boxes,2026-09-20,ocr_boxes-1,2026-09-20,parts-2026-09-20f,,,
https://cdn.shopify.com/s/files/1/2325/2729/files/Pro-5E5-A-Schematic.pdf?5926397210715640943,,service_manual,pdf,200,916408,9028314082770a178e53f18653a016fd3ca497d8281f8de8802ed51440bc0508,2026-09-19,1,ocr_boxes,2026-09-20,ocr_boxes-1,2026-09-20,parts-2026-09-20f,,,
https://cdn.shopify.com/s/files/1/2325/2729/files/Pro-5E5-Layout.pdf?5926397210715640943,,service_manual,pdf,200,1129072,c775b6d7c0d2b31b985c86598d9e2f6107987b351a42d486325bf20035064cc0,2026-09-19,1,ocr_boxes,2026-09-20,ocr_boxes-1,2026-09-20,parts-2026-09-20f,,,
https://cdn.shopify.com/s/files/1/2325/2729/files/Pro-5E5-Schematic.pdf?5926397210715640943,,service_manual,pdf,200,667582,1f2c2c5d28bb274dfc70cd28f8b66c3610ea89fad43860a4a10690f8707685b0,2026-09-19,1,ocr_boxes,2026-09-20,ocr_boxes-1,2026-09-20,parts-2026-09-20f,,,
https://cdn.shopify.com/s/files/1/2325/2729/files/Pro-6G5-A-Schematic.pdf?5926397210715640943,,service_manual,pdf,200,1019934,0bf2bfbb997424f33996915a91c49a2e2dabaa7f15d41267d8ea262cc418fe60,2026-09-19,1,ocr_boxes,2026-09-20,ocr_boxes-1,2026-09-20,parts-2026-09-20f,,,
https://cdn.shopify.com/s/files/1/2325/2729/files/Pro-6G5-Layout.pdf?5926397210715640943,,service_manual,pdf,200,1188315,bbfc7f8157e4849cacb509f73dff6ffe3f0b891734070c8d2e2b6f70823e2890,2026-09-19,1,ocr_boxes,2026-09-20,ocr_boxes-1,2026-09-20,parts-2026-09-20f,,,
https://cdn.shopify.com/s/files/1/2325/2729/files/Pro-AA763-layout.pdf?5926397210715640943,,service_manual,pdf,200,677127,fe4f5b7fcbd8bb356d8512ebf151e274066cc638750c7f4b1ff5638ead1b2536,2026-09-19,1,ocr_boxes,2026-09-20,ocr_boxes-1,2026-09-20,parts-2026-09-20f,,,
https://cdn.shopify.com/s/files/1/2325/2729/files/Pro-AA763-schematic.pdf?5926397210715640943,,service_manual,pdf,200,511532,5aa5f6311a18f2a1cd9135782588b6d6e3b655cb05c75c5550d4b955cc69658f,2026-09-19,1,ocr_boxes,2026-09-20,ocr_boxes-1,2026-09-20,parts-2026-09-20f,,,
https://cdn.shopify.com/s/files/1/2325/2729/files/Pro-AB763-layout.pdf?5926397210715640943,,service_manual,pdf,200,742700,487a46808e0b1818d88bf88f35d0f1bf33efd8493755b249d2f40909c6900343,2026-09-19,1,ocr_boxes,2026-09-20,ocr_boxes-1,2026-09-20,parts-2026-09-20f,,,
https://cdn.shopify.com/s/files/1/2325/2729/files/Pro-AB763-schematic.pdf?5926397210715640943,,service_manual,pdf,200,617993,7bd8f438954d225c85e561c60b1af969901e164453b811cee74cc2932facd6ee,2026-09-19,1,ocr_boxes,2026-09-20,ocr_boxes-1,2026-09-20,parts-2026-09-20f,,,
https://cdn.shopify.com/s/files/1/2325/2729/files/Pro-Reverb-AA1069-Layout.pdf?5926397210715640943,,service_manual,pdf,200,1042778,aba95a6c89f938e8fc1b9434d7af3e32a91b770f9b93ac378619f684766dcca7,2026-09-19,1,ocr_boxes,2026-09-20,ocr_boxes-1,2026-09-20,parts-2026-09-20f,,,
https://cdn.shopify.com/s/files/1/2325/2729/files/Pro-Reverb-AA1069-Schematic.pdf?5926397210715640943,,service_manual,pdf,200,1207743,04bc72aa94763bfb2741d72da0fe4d42290d86f87cf0bf6b99a8b3b4f23efe1c,2026-09-19,1,ocr_boxes,2026-09-20,ocr_boxes-1,2026-09-20,parts-2026-09-20f,,,
https://cdn.shopify.com/s/files/1/2325/2729/files/Pro-Reverb-AA165-layout.pdf?5926397210715640943,,service_manual,pdf,200,669251,f553725356e45447932d14c72ce58d068a519452b70f6f210ab9b7a0f23f1c60,2026-09-19,1,ocr_boxes,2026-09-20,ocr_boxes-1,2026-09-20,parts-2026-09-20f,,,
https://cdn.shopify.com/s/files/1/2325/2729/files/Pro-Reverb-AA165-schematic.pdf?5926397210715640943,,service_manual,pdf,200,597893,ad6c09a021252ada7aa0060c64d25303f106a3985808b45cb010d59efaf7808a,2026-09-19,1,ocr_boxes,2026-09-20,ocr_boxes-1,2026-09-20,parts-2026-09-20f,,,
https://cdn.shopify.com/s/files/1/2325/2729/files/Pro-Reverb-AA270-Layout.pdf?5926397210715640943,,service_manual,pdf,200,1260665,d9803ba799b7ddcff24f135f6ee39ed1d73e56c5cc386fb9b905b11fcfddf810,2026-09-19,1,ocr_boxes,2026-09-20,ocr_boxes-1,2026-09-20,parts-2026-09-20f,,,
https://cdn.shopify.com/s/files/1/2325/2729/files/Pro-Reverb-AA270-Schematic.pdf?5926397210715640943,,service_manual,pdf,200,912126,a4c3d508e156459defe10d01011259d1f0363889a01f5850c019a4dc326e0622,2026-09-19,1,ocr_boxes,2026-09-20,ocr_boxes-1,2026-09-20,parts-2026-09-20f,,,
https://cdn.shopify.com/s/files/1/2325/2729/files/Pro-Reverb-AB668-Layout.pdf?5926397210715640943,,service_manual,pdf,200,1273557,8e7145ad04d34cb18ee15e4c9d1529ef9ef6979b6be8365238f39afa0a792e57,2026-09-19,1,ocr_boxes,2026-09-20,ocr_boxes-1,2026-09-20,parts-2026-09-20f,,,
https://cdn.shopify.com/s/files/1/2325/2729/files/Pro-Reverb-AB668-Schematic.pdf?5926397210715640943,,service_manual,pdf,200,1220215,9b2c15dcce913c9ac819323cb6146330c07bebf88fbb9780ca1fcb729a7c6263,2026-09-19,1,ocr_boxes,2026-09-20,ocr_boxes-1,2026-09-20,parts-2026-09-20f,,,
https://cdn.shopify.com/s/files/1/2325/2729/files/Showman-6G14-A-Layout.pdf?5926397210715640943,,service_manual,pdf,200,1328971,5825fc5dbc3c677e89d7d118a6adbb9a9dcbf4c350e441f60d27f3324a8428ab,2026-09-19,1,ocr_boxes,2026-09-20,ocr_boxes-1,2026-09-20,parts-2026-09-20f,,,
https://cdn.shopify.com/s/files/1/2325/2729/files/Showman-6G14-A-Schematic.pdf?5926397210715640943,,service_manual,pdf,200,1089165,6a73c5be1f6595d71269be319042f0332beba984a139170870502fbe11254d3b,2026-09-19,1,ocr_boxes,2026-09-20,ocr_boxes-1,2026-09-20,parts-2026-09-20f,,,
https://cdn.shopify.com/s/files/1/2325/2729/files/Showman-6G14-Layout.pdf?5926397210715640943,,service_manual,pdf,200,1229398,5379a1f4e90c52480e7e75cc27f1cac93c50da3fa89b78118e621966c9ee9f23,2026-09-19,1,ocr_boxes,2026-09-20,ocr_boxes-1,2026-09-20,parts-2026-09-20f,,,
https://cdn.shopify.com/s/files/1/2325/2729/files/Showman-6G14-Schematic.pdf?5926397210715640943,,service_manual,pdf,200,1030994,c163f98c2b11256bcb986599a6427b21d936f32fc848782e65d489f541cb14bb,2026-09-19,1,ocr_boxes,2026-09-20,ocr_boxes-1,2026-09-20,parts-2026-09-20f,,,
https://cdn.shopify.com/s/files/1/2325/2729/files/Showman-AA763-layout.pdf?5926397210715640943,,service_manual,pdf,200,673082,551427349614728e49fb466a5818845e59a33aff4211989b247d23a09f0c3360,2026-09-19,1,ocr_boxes,2026-09-20,ocr_boxes-1,2026-09-20,parts-2026-09-20f,,,
https://cdn.shopify.com/s/files/1/2325/2729/files/Showman-AA763-schematic.pdf?5926397210715640943,,service_manual,pdf,200,609383,b2bb34756522ef6814afec6176b337f3c8240d28578a039a9e7f7589919a5be3,2026-09-19,1,ocr_boxes,2026-09-20,ocr_boxes-1,2026-09-20,parts-2026-09-20f,,,
https://cdn.shopify.com/s/files/1/2325/2729/files/Showman-AB763-layout.pdf?5926397210715640943,,service_manual,pdf,200,798895,a964e908b012de69a4a612dcfa9a43c0694b8923d26151146432ed0daec8cf84,2026-09-19,1,ocr_boxes,2026-09-20,ocr_boxes-1,2026-09-20,parts-2026-09-20f,,,
https://cdn.shopify.com/s/files/1/2325/2729/files/Showman-AB763-schematic.pdf?5926397210715640943,,service_manual,pdf,200,698645,348b8addaaae652254918eb867c1715f26f74ec1ee2a9a9ddecb206fbcafac7b,2026-09-19,1,ocr_boxes,2026-09-20,ocr_boxes-1,2026-09-20,parts-2026-09-20f,,,
https://cdn.shopify.com/s/files/1/2325/2729/files/Showman-Reverb-AA768-Layout.pdf?5926397210715640943,,service_manual,pdf,200,1343507,24249348488f6ea0616867cb76f17a9e44712b46b5bf01d9005686cc9cdf47ca,2026-09-19,1,ocr_boxes,2026-09-20,ocr_boxes-1,2026-09-20,parts-2026-09-20f,,,
https://cdn.shopify.com/s/files/1/2325/2729/files/Showman-Reverb-AA768-Schematic.pdf?5926397210715640943,,service_manual,pdf,200,1228107,30461ed5c3e4a4399b4f29085167b97a71b07824ca9b56d8fb3d33b1cdad3bd7,2026-09-19,1,ocr_boxes,2026-09-20,ocr_boxes-1,2026-09-20,parts-2026-09-20f,,,
https://cdn.shopify.com/s/files/1/2325/2729/files/Super-5B4-Layout.pdf?5926397210715640943,,service_manual,pdf,200,916969,4e378d660a5e9f9bafca18b222f864948576568b973dbb90830c518b460831b9,2026-09-19,1,ocr_boxes,2026-09-20,ocr_boxes-1,2026-09-20,parts-2026-09-20f,,,
https://cdn.shopify.com/s/files/1/2325/2729/files/Super-5C4-Layout.pdf?5926397210715640943,,service_manual,pdf,200,909410,989a59b1690d62967f17ccd58d9bc5517c5766b36e439f656603a73e7aa24bc3,2026-09-19,1,ocr_boxes,2026-09-20,ocr_boxes-1,2026-09-20,parts-2026-09-20f,,,
https://cdn.shopify.com/s/files/1/2325/2729/files/Super-5C4-Schematic.pdf?5926397210715640943,,service_manual,pdf,200,613518,ad2f6b7915ffa4b145553b352d62345bc6a4bc38ab37c9abea8705d46be6118f,2026-09-19,1,ocr_boxes,2026-09-20,ocr_boxes-1,2026-09-20,parts-2026-09-20f,,,
https://cdn.shopify.com/s/files/1/2325/2729/files/Super-5D4-Layout.pdf?5926397210715640943,,service_manual,pdf,200,838279,649535c6bd012aa5c802169d32f8af640897988028355d97c60f550c0de51988,2026-09-19,1,ocr_boxes,2026-09-20,ocr_boxes-1,2026-09-20,parts-2026-09-20f,,,
https://cdn.shopify.com/s/files/1/2325/2729/files/Super-5D4-Schematic.pdf?5926397210715640943,,service_manual,pdf,200,636894,1fe726e764383f367650149ce0e49f3de48462edccda990a50d9029e9b2a95f1,2026-09-19,1,ocr_boxes,2026-09-20,ocr_boxes-1,2026-09-20,parts-2026-09-20f,,,
https://cdn.shopify.com/s/files/1/2325/2729/files/Super-5E4-Layout.pdf?5926397210715640943,,service_manual,pdf,200,949826,fa80f0e5601f826ca12a50d48a1f56332706f99fffb42344637d602397899b2a,2026-09-19,1,ocr_boxes,2026-09-20,ocr_boxes-1,2026-09-20,parts-2026-09-20f,,,
https://cdn.shopify.com/s/files/1/2325/2729/files/Super-5E4-Schematic.pdf?5926397210715640943,,service_manual,pdf,200,601856,a3c95a28f9cb0657cd5d211defddced6b67af55f7f0addf984f8a0a83ae7d93d,2026-09-19,1,ocr_boxes,2026-09-20,ocr_boxes-1,2026-09-20,parts-2026-09-20f,,,
https://cdn.shopify.com/s/files/1/2325/2729/files/Super-5F4-Layout.pdf?5926397210715640943,,service_manual,pdf,200,1162958,26930da9947cfe117cc547fded6b62a59e4f57a7d763c1b1fa980fcdc5e2e8d9,2026-09-19,1,ocr_boxes,2026-09-20,ocr_boxes-1,2026-09-20,parts-2026-09-20f,,,
https://cdn.shopify.com/s/files/1/2325/2729/files/Super-5F4-Schematic.pdf?5926397210715640943,,service_manual,pdf,200,761146,5fba6082d0729df0790ea1d6453f30f878723b0323abae6edd77b0b539b58ebd,2026-09-19,1,ocr_boxes,2026-09-20,ocr_boxes-1,2026-09-20,parts-2026-09-20f,,,
https://cdn.shopify.com/s/files/1/2325/2729/files/Super-6G4-A-Layout.pdf?5926397210715640943,,service_manual,pdf,200,1061667,5d0b18fca03163c6bbbfa30edce16dad94cf6ed295daa4ae83db4ecaf9d6e334,2026-09-19,1,ocr_boxes,2026-09-20,ocr_boxes-1,2026-09-20,parts-2026-09-20f,,,
https://cdn.shopify.com/s/files/1/2325/2729/files/Super-6G4-A-Schematic.pdf?5926397210715640943,,service_manual,pdf,200,1040349,44fbb64fe6481f984ed85e0603389e0766fde61a9e608b89396f876f6829db70,2026-09-19,1,ocr_boxes,2026-09-20,ocr_boxes-1,2026-09-20,parts-2026-09-20f,,,
https://cdn.shopify.com/s/files/1/2325/2729/files/Super-6G4-Layout.pdf?5926397210715640943,,service_manual,pdf,200,1144019,8c9e90807bb99e00d29c64ca9c2f050915f81040fabd7c9f745d04520bc80f0c,2026-09-19,1,ocr_boxes,2026-09-20,ocr_boxes-1,2026-09-20,parts-2026-09-20f,,,
https://cdn.shopify.com/s/files/1/2325/2729/files/Super-6G4-Schematic.pdf?5926397210715640943,,service_manual,pdf,200,928321,d52afaaedbe97dd239ecb8f33c540528c14dfe0a83194a67f786a4542e2a2d97,2026-09-19,1,ocr_boxes,2026-09-20,ocr_boxes-1,2026-09-20,parts-2026-09-20f,,,
https://cdn.shopify.com/s/files/1/2325/2729/files/Super-Amp-5B4-Schematic.pdf?5926397210715640943,,service_manual,pdf,200,524713,56664bc39d4a8a1512edfe32362c04b3584639757c4c71b50fbf79cb85d5e9ff,2026-09-19,1,ocr_boxes,2026-09-20,ocr_boxes-1,2026-09-20,parts-2026-09-20f,,,
https://cdn.shopify.com/s/files/1/2325/2729/files/Super-Bassman-CFA7002-Schematic.pdf?5926397210715640943,,service_manual,pdf,200,1080142,7f6cc31d8eeef2b3e5cefa9b0ba09ccd73a824add5a20999e8649291f58e5c7a,2026-09-19,1,ocr_boxes,2026-09-20,ocr_boxes-1,2026-09-20,parts-2026-09-20f,,,
https://cdn.shopify.com/s/files/1/2325/2729/files/Super-Champ-Schematic.pdf?5926397210715640943,,service_manual,pdf,200,834305,ed7d5846a4da69b36760ebf81d27710ca2ef4fe059a6869639e4b124d4684b8c,2026-09-19,1,ocr_boxes,2026-09-20,ocr_boxes-1,2026-09-20,parts-2026-09-20f,,,
https://cdn.shopify.com/s/files/1/2325/2729/files/Super-Reverb-AA1069-Layout.pdf?5926397210715640943,,service_manual,pdf,200,1322396,1f8eddfafa622e0e7a9bcc63d76af80f1c529f2bc0c042f4091f68be0ceeb91d,2026-09-19,1,ocr_boxes,2026-09-20,ocr_boxes-1,2026-09-20,parts-2026-09-20f,,,
https://cdn.shopify.com/s/files/1/2325/2729/files/Super-Reverb-AA1069-Schematic.pdf?5926397210715640943,,service_manual,pdf,200,978563,160c103500b231ea314caf7e3acde4c9b1d931178e1ff6d9e241727f8e7390ab,2026-09-19,1,ocr_boxes,2026-09-20,ocr_boxes-1,2026-09-20,parts-2026-09-20f,,,
https://cdn.shopify.com/s/files/1/2325/2729/files/Super-Reverb-AA270-Layout.pdf?5926397210715640943,,service_manual,pdf,200,1234974,468ae3f8aa6092fcb7d994c3b43586f7725355f582fee59df218f70f8f170a31,2026-09-19,1,ocr_boxes,2026-09-20,ocr_boxes-1,2026-09-20,parts-2026-09-20f,,,
https://cdn.shopify.com/s/files/1/2325/2729/files/Super-Reverb-AA270-Schematic.pdf?5926397210715640943,,service_manual,pdf,200,1265252,4c0a19747079f60adffd3bd8137c259e06f5b1d1099aecd5c57b58f035442b05,2026-09-19,1,ocr_boxes,2026-09-20,ocr_boxes-1,2026-09-20,parts-2026-09-20f,,,
https://cdn.shopify.com/s/files/1/2325/2729/files/Super-Reverb-AA763-layout.pdf?5926397210715640943,,service_manual,pdf,200,685723,248f2f38fd74b65a507734ae0a6b33892cecd1c892dc4f704878ad5d251af8ed,2026-09-19,1,ocr_boxes,2026-09-20,ocr_boxes-1,2026-09-20,parts-2026-09-20f,,,
https://cdn.shopify.com/s/files/1/2325/2729/files/Super-Reverb-AA763-schematic.pdf?5926397210715640943,,service_manual,pdf,200,770041,e43a320562a501694c582f8dbee35d052dc0ba962f2e00d9f817fb15ea24e8ca,2026-09-19,1,ocr_boxes,2026-09-20,ocr_boxes-1,2026-09-20,parts-2026-09-20f,,,
https://cdn.shopify.com/s/files/1/2325/2729/files/Super-Reverb-AB568-Layout.pdf?5926397210715640943,,service_manual,pdf,200,1249476,8158a645ed220a90ee7e65fc9d5d392a3e919a10aa08da24a887c833d6d5efad,2026-09-19,1,ocr_boxes,2026-09-20,ocr_boxes-1,2026-09-20,parts-2026-09-20f,,,
https://cdn.shopify.com/s/files/1/2325/2729/files/Super-Reverb-AB568-Schematic.pdf?5926397210715640943,,service_manual,pdf,200,1230985,6d1c19deacb5be05a4b81ee00b4232e0200c405d7e45a23e0e7bb3670cdc4459,2026-09-19,1,ocr_boxes,2026-09-20,ocr_boxes-1,2026-09-20,parts-2026-09-20f,,,
https://cdn.shopify.com/s/files/1/2325/2729/files/Super-Reverb-AB763-layout.pdf?5926397210715640943,,service_manual,pdf,200,816364,ffdfeeadfd6adb7d834a18d908d252caeea4ebefd2e0c1e0b3fd8064b042c4fd,2026-09-19,1,ocr_boxes,2026-09-20,ocr_boxes-1,2026-09-20,parts-2026-09-20f,,,
https://cdn.shopify.com/s/files/1/2325/2729/files/Super-Reverb-AB763-schematic.pdf?5926397210715640943,,service_manual,pdf,200,622025,2220f9082c9fac0596c445d523176b1c08ad05037dffbda368eaca94124e5581,2026-09-19,1,ocr_boxes,2026-09-20,ocr_boxes-1,2026-09-20,parts-2026-09-20f,,,
https://cdn.shopify.com/s/files/1/2325/2729/files/Tremolux-5E9-A-Layout.pdf?5926397210715640943,,service_manual,pdf,200,1234215,bfdd1fc0d09aaa4be76a355455c630cdcea7b479cdb7078f573af3120e59e191,2026-09-19,1,ocr_boxes,2026-09-20,ocr_boxes-1,2026-09-20,parts-2026-09-20f,,,
https://cdn.shopify.com/s/files/1/2325/2729/files/Tremolux-5E9-A-Schematic.pdf?5926397210715640943,,service_manual,pdf,200,1094017,211805493c8e51e749aab5b57fd212834b5cb4182aa986473aa0f5a703fae4e6,2026-09-19,1,ocr_boxes,2026-09-20,ocr_boxes-1,2026-09-20,parts-2026-09-20f,,,
https://cdn.shopify.com/s/files/1/2325/2729/files/Tremolux-5G9-Layout.pdf?5926397210715640943,,service_manual,pdf,200,1098458,6d9a53d1b643c6ee73a1b14d99fa55956e7e2a3a01cd94a3722a33425855aa5c,2026-09-19,1,ocr_boxes,2026-09-20,ocr_boxes-1,2026-09-20,parts-2026-09-20f,,,
https://cdn.shopify.com/s/files/1/2325/2729/files/Tremolux-5G9-Schematic.pdf?5926397210715640943,,service_manual,pdf,200,1143475,bef85cff81be2f1c0032f642cb267ec8e27bd8af5b700ba3094c109b019d5ed5,2026-09-19,1,ocr_boxes,2026-09-20,ocr_boxes-1,2026-09-20,parts-2026-09-20f,,,
https://cdn.shopify.com/s/files/1/2325/2729/files/Tremolux-6G9-A-Layout.pdf?5926397210715640943,,service_manual,pdf,200,1318360,91b2e1dca1192b60a97c4bb4482493e9a52a7e2bd09a99a73c7ef22028d5cdf8,2026-09-19,1,ocr_boxes,2026-09-20,ocr_boxes-1,2026-09-20,parts-2026-09-20f,,,
https://cdn.shopify.com/s/files/1/2325/2729/files/Tremolux-6G9-A-Schematic.pdf?5926397210715640943,,service_manual,pdf,200,1088695,3d0ee294658f1948dfb140099d2ec2af60fbea4e49bfe1ae4d283dd3c993f0d2,2026-09-19,1,ocr_boxes,2026-09-20,ocr_boxes-1,2026-09-20,parts-2026-09-20f,,,
https://cdn.shopify.com/s/files/1/2325/2729/files/Tremolux-6G9-B-Layout.pdf?5926397210715640943,,service_manual,pdf,200,1261770,74deb18c328549823345caf7827dfe665a4a2dd87b71a90bb23851bf688f2a72,2026-09-19,1,ocr_boxes,2026-09-20,ocr_boxes-1,2026-09-20,parts-2026-09-20f,,,
https://cdn.shopify.com/s/files/1/2325/2729/files/Tremolux-6G9-B-Schematic.pdf?5926397210715640943,,service_manual,pdf,200,1116535,d55cbdfbc7ef9902f3ad2c16dc3f2432a3b1ce3e4a899503f8544da5a5142823,2026-09-19,1,ocr_boxes,2026-09-20,ocr_boxes-1,2026-09-20,parts-2026-09-20f,,,
https://cdn.shopify.com/s/files/1/2325/2729/files/Tremolux-6G9-Layout.pdf?5926397210715640943,,service_manual,pdf,200,1238383,5b6efbf2713f717ee7842f3bf9131bcf7eda342c6df8423d6132c0ebc9924aa9,2026-09-19,1,ocr_boxes,2026-09-20,ocr_boxes-1,2026-09-20,parts-2026-09-20f,,,
https://cdn.shopify.com/s/files/1/2325/2729/files/Tremolux-6G9-Schematic.pdf?5926397210715640943,,service_manual,pdf,200,1108862,05f1be5ab08df417d0440bbffa31a6bb5fd0f984ec4b896f6b0dbfab0e92f428,2026-09-19,1,ocr_boxes,2026-09-20,ocr_boxes-1,2026-09-20,parts-2026-09-20f,,,
https://cdn.shopify.com/s/files/1/2325/2729/files/Tremolux-AA763-layout.pdf?5926397210715640943,,service_manual,pdf,200,574844,62bd5c6ca6d3a6dea10d1824f393b06f8187d6a63a5d48b0cea2287a226c11e7,2026-09-19,1,ocr_boxes,2026-09-20,ocr_boxes-1,2026-09-20,parts-2026-09-20f,,,
https://cdn.shopify.com/s/files/1/2325/2729/files/Tremolux-AA763-schematic.pdf?5926397210715640943,,service_manual,pdf,200,569114,a5d18b6c71c8c179f070c80ce0a825b15084775b96f67b182d5ce911a1baa837,2026-09-19,1,ocr_boxes,2026-09-20,ocr_boxes-1,2026-09-20,parts-2026-09-20f,,,
https://cdn.shopify.com/s/files/1/2325/2729/files/Tremolux-AB763-layout.pdf?5926397210715640943,,service_manual,pdf,200,597369,8b425c54529c479b0d1ef6140a189598f2c43a77c8708eb0a3bcadf1e73f4e33,2026-09-19,1,ocr_boxes,2026-09-20,ocr_boxes-1,2026-09-20,parts-2026-09-20f,,,
https://cdn.shopify.com/s/files/1/2325/2729/files/Tremolux-AB763-schematic.pdf?5926397210715640943,,service_manual,pdf,200,484413,41e5f8474001004777715326a569b2e9d774746f5c234491228f9ab352567206,2026-09-19,1,ocr_boxes,2026-09-20,ocr_boxes-1,2026-09-20,parts-2026-09-20f,,,
https://cdn.shopify.com/s/files/1/2325/2729/files/Twin-5C8-Layout.pdf?5926397210715640943,,service_manual,pdf,200,1261804,5d15ac3b1e0c2d3585a88f47bf44e7a0dffd4ae8960441f4ba8811d855698cdf,2026-09-19,1,ocr_boxes,2026-09-20,ocr_boxes-1,2026-09-20,parts-2026-09-20f,,,
https://cdn.shopify.com/s/files/1/2325/2729/files/Twin-5C8-Schematic.pdf?5926397210715640943,,service_manual,pdf,200,993166,5b5aebf4914d59fc53854dbfe74f584d01d83404c8f0f83f287b0b6feaca5577,2026-09-19,1,ocr_boxes,2026-09-20,ocr_boxes-1,2026-09-20,parts-2026-09-20f,,,
https://cdn.shopify.com/s/files/1/2325/2729/files/Twin-5D8-Layout.pdf?5926397210715640943,,service_manual,pdf,200,1229943,4b1055b54d6a71bca9babf9794c64044a5383e8ad09e29df5c0cb4c66b8f1f67,2026-09-19,1,ocr_boxes,2026-09-20,ocr_boxes-1,2026-09-20,parts-2026-09-20f,,,
https://cdn.shopify.com/s/files/1/2325/2729/files/Twin-5D8-Schematic.pdf?5926397210715640943,,service_manual,pdf,200,1020575,554381772a32ac7d71ca3de38edd6753443492b439c8cd13eff0f992c2a347a4,2026-09-19,1,ocr_boxes,2026-09-20,ocr_boxes-1,2026-09-20,parts-2026-09-20f,,,
https://cdn.shopify.com/s/files/1/2325/2729/files/Twin-5E8-A-Layout.pdf?5926397210715640943,,service_manual,pdf,200,1278366,62956dd657dccbf92b6f905f6ace103abb56e9c8f600474e820f7f0348065ba9,2026-09-19,1,ocr_boxes,2026-09-20,ocr_boxes-1,2026-09-20,parts-2026-09-20f,,,
https://cdn.shopify.com/s/files/1/2325/2729/files/Twin-5E8-A-Schematic.pdf?5926397210715640943,,service_manual,pdf,200,1018017,67701ab589549fcacd1f7e1a3feecbdad2dc1633eb3aab410508776fe3410f0b,2026-09-19,1,ocr_boxes,2026-09-20,ocr_boxes-1,2026-09-20,parts-2026-09-20f,,,
https://cdn.shopify.com/s/files/1/2325/2729/files/Twin-5F8-A-Layout.pdf?5926397210715640943,,service_manual,pdf,200,1176869,592652158496f34bea7498fd329df998560567dbfbcde93c0fff787794c1ed97,2026-09-19,1,ocr_boxes,2026-09-20,ocr_boxes-1,2026-09-20,parts-2026-09-20f,,,
https://cdn.shopify.com/s/files/1/2325/2729/files/Twin-5F8-A-Schematic.pdf?5926397210715640943,,service_manual,pdf,200,950623,a7e4de7b364a6562281fac3f3a3ce90774ea4363f7dbca9cd3fc72ce010947de,2026-09-19,1,ocr_boxes,2026-09-20,ocr_boxes-1,2026-09-20,parts-2026-09-20f,,,
https://cdn.shopify.com/s/files/1/2325/2729/files/Twin-5F8-Layout.pdf?5926397210715640943,,service_manual,pdf,200,1153463,385d5d60b69e9bd6c4f5a30b9995dbd6f3dc76fccb94a703aac72ee9e3af7521,2026-09-19,1,ocr_boxes,2026-09-20,ocr_boxes-1,2026-09-20,parts-2026-09-20f,,,
https://cdn.shopify.com/s/files/1/2325/2729/files/Twin-5F8-Schematic.pdf?5926397210715640943,,service_manual,pdf,200,1005760,0d4e514e40d8e14ccdbfeb3b9f13f6b58d0661fed67531e4a6f0de212a4f99e2,2026-09-19,1,ocr_boxes,2026-09-20,ocr_boxes-1,2026-09-20,parts-2026-09-20f,,,
https://cdn.shopify.com/s/files/1/2325/2729/files/Twin-6G8-A-Layout.pdf?5926397210715640943,,service_manual,pdf,200,1269537,4cd73f1dd101f0e82e09e516a898c212ea4979f4fcf83e0cde9fa01d607e5602,2026-09-19,1,ocr_boxes,2026-09-20,ocr_boxes-1,2026-09-20,parts-2026-09-20f,,,
https://cdn.shopify.com/s/files/1/2325/2729/files/Twin-6G8-A-Schematic.pdf?5926397210715640943,,service_manual,pdf,200,1053800,2c714eb49ae19728092b62ee0b3a55793cb31ed8f59e93e58e4f9b4067ac99e4,2026-09-19,1,ocr_boxes,2026-09-20,ocr_boxes-1,2026-09-20,parts-2026-09-20f,,,
https://cdn.shopify.com/s/files/1/2325/2729/files/Twin-6G8-Layout.pdf?5926397210715640943,,service_manual,pdf,200,1234169,334ccc52554acd4f40ebc4ca3eeb28d45cf660ea0f974132bf7dbefee5c5a949,2026-09-19,1,ocr_boxes,2026-09-20,ocr_boxes-1,2026-09-20,parts-2026-09-20f,,,
https://cdn.shopify.com/s/files/1/2325/2729/files/Twin-6G8-Schematic.pdf?5926397210715640943,,service_manual,pdf,200,1027094,b4bab842f6918d5e247c70a5f488ddaba40dea1e29a58ec934dee2801fa5fcb0,2026-09-19,1,ocr_boxes,2026-09-20,ocr_boxes-1,2026-09-20,parts-2026-09-20f,,,
https://cdn.shopify.com/s/files/1/2325/2729/files/Twin-Reverb-AA270-Layout.pdf?5926397210715640943,,service_manual,pdf,200,1270505,c25858b039d0904263ec62fe858eb823599098632741bcdca1daa76dc9466a81,2026-09-19,1,ocr_boxes,2026-09-20,ocr_boxes-1,2026-09-20,parts-2026-09-20f,,,
https://cdn.shopify.com/s/files/1/2325/2729/files/Twin-Reverb-AA270-Schematic.pdf?5926397210715640943,,service_manual,pdf,200,1176114,9ed22b4076138de9002ac3bc72e45cef29277ef02129341c3572b17b1d57e300,2026-09-19,1,ocr_boxes,2026-09-20,ocr_boxes-1,2026-09-20,parts-2026-09-20f,,,
https://cdn.shopify.com/s/files/1/2325/2729/files/Twin-Reverb-AA769-Layout.pdf?5926397210715640943,,service_manual,pdf,200,1038561,020bd4788b3feb8f4b4058b70507ff647fa5536d124f472724f323924e5edbd1,2026-09-19,1,ocr_boxes,2026-09-20,ocr_boxes-1,2026-09-20,parts-2026-09-20f,,,
https://cdn.shopify.com/s/files/1/2325/2729/files/Twin-Reverb-AA769-Schematic.pdf?5926397210715640943,,service_manual,pdf,200,949774,cc430cad849b875758bb4041508388eecd37ee2c4c95d89abf867d20ad794b77,2026-09-19,1,ocr_boxes,2026-09-20,ocr_boxes-1,2026-09-20,parts-2026-09-20f,,,
https://cdn.shopify.com/s/files/1/2325/2729/files/Twin-Reverb-AB763-layout.pdf?5926397210715640943,,service_manual,pdf,200,680105,dc56448c0ea64b2ac800ab0162d286456d7f551cb6658d7caffe9a390ea53b51,2026-09-19,1,ocr_boxes,2026-09-20,ocr_boxes-1,2026-09-20,parts-2026-09-20f,,,
https://cdn.shopify.com/s/files/1/2325/2729/files/Twin-Reverb-AB763-schematic.pdf?5926397210715640943,,service_manual,pdf,200,743927,38718559eeea02a681686dd0cb0385bec7b768536774d97d315bbe25ac6d73b3,2026-09-19,1,ocr_boxes,2026-09-20,ocr_boxes-1,2026-09-20,parts-2026-09-20f,,,
https://cdn.shopify.com/s/files/1/2325/2729/files/Twin-Reverb-AC568-Layout.pdf?5926397210715640943,,service_manual,pdf,200,1282428,c9d3aa608ee3306b499cfac1647bee82a7e74a5dd2a5decced2b3f878ef3309f,2026-09-19,1,ocr_boxes,2026-09-20,ocr_boxes-1,2026-09-20,parts-2026-09-20f,,,
https://cdn.shopify.com/s/files/1/2325/2729/files/Twin-Reverb-AC568-Schematic.pdf?5926397210715640943,,service_manual,pdf,200,1220514,1c10bf0c55bc73c4a0ffe5fbd630e0683dbc531fc41e6e1860ca980ac6aab06e,2026-09-19,1,ocr_boxes,2026-09-20,ocr_boxes-1,2026-09-20,parts-2026-09-20f,,,
https://cdn.shopify.com/s/files/1/2325/2729/files/Vibrasonic-5G13-Layout.pdf?5926397210715640943,,service_manual,pdf,200,1210595,c82fd564f6a53c40c2dc30e7945fece7b46a975765d993f4b226d0450685ecde,2026-09-19,1,ocr_boxes,2026-09-20,ocr_boxes-1,2026-09-20,parts-2026-09-20f,,,
https://cdn.shopify.com/s/files/1/2325/2729/files/Vibrasonic-5G13-Schematic.pdf?5926397210715640943,,service_manual,pdf,200,1082810,ba778fda593382ca7fc703d5aba1e95ae213576a816190f87164b42d3d7a6089,2026-09-19,1,ocr_boxes,2026-09-20,ocr_boxes-1,2026-09-20,parts-2026-09-20f,,,
https://cdn.shopify.com/s/files/1/2325/2729/files/Vibrasonic-6G13-A-Layout.pdf?5926397210715640943,,service_manual,pdf,200,1299895,86362c2c6288043f9d03a1b9e5e08c646aea6f969a3395eac318eb9f05980f6b,2026-09-19,1,ocr_boxes,2026-09-20,ocr_boxes-1,2026-09-20,parts-2026-09-20f,,,
https://cdn.shopify.com/s/files/1/2325/2729/files/Vibrasonic-6G13-A-Schematic.pdf?5926397210715640943,,service_manual,pdf,200,1039226,2cd8f2a65084ef6a515683ae6771ccbfe3e64eff1d4335ecff79382e2b148bcb,2026-09-19,1,ocr_boxes,2026-09-20,ocr_boxes-1,2026-09-20,parts-2026-09-20f,,,
https://cdn.shopify.com/s/files/1/2325/2729/files/Vibro-Champ-AA764-layout.pdf?5926397210715640943,,service_manual,pdf,200,357743,234dc1199f2ba9ff6af30203424df9daf7e83600e1ed7eb2eaa92f394c0c2529,2026-09-19,1,ocr_boxes,2026-09-20,ocr_boxes-1,2026-09-20,parts-2026-09-20f,,,
https://cdn.shopify.com/s/files/1/2325/2729/files/Vibrochamp-AA764-schematic.pdf?5926397210715640943,,service_manual,pdf,200,351547,be7f0b6c19e98f3e835ad6d4d020c0009266aa4bb8daebe6360af5a811fbc511,2026-09-19,1,ocr_boxes,2026-09-20,ocr_boxes-1,2026-09-20,parts-2026-09-20f,,,
https://cdn.shopify.com/s/files/1/2325/2729/files/Vibrolux-5E11-Layout.pdf?5926397210715640943,,service_manual,pdf,200,1239827,548b29c8de1e7080a877e439f2cd1ddb118af16257e4baa8d397703896f3b174,2026-09-19,1,ocr_boxes,2026-09-20,ocr_boxes-1,2026-09-20,parts-2026-09-20f,,,
https://cdn.shopify.com/s/files/1/2325/2729/files/Vibrolux-5E11-Schematic.pdf?5926397210715640943,,service_manual,pdf,200,1034953,0ced01dd883ba74dde34a10f74847ab979c9e23efa4976fed1eab46c372db525,2026-09-19,1,ocr_boxes,2026-09-20,ocr_boxes-1,2026-09-20,parts-2026-09-20f,,,
https://cdn.shopify.com/s/files/1/2325/2729/files/Vibrolux-5F11-Layout.pdf?5926397210715640943,,service_manual,pdf,200,1254825,2fa7c65007ebc8c73b665d8b3d650284b96225c188935f10209eef9f9c7ec90a,2026-09-19,1,ocr_boxes,2026-09-20,ocr_boxes-1,2026-09-20,parts-2026-09-20f,,,
https://cdn.shopify.com/s/files/1/2325/2729/files/Vibrolux-5F11-Schematic.pdf?5926397210715640943,,service_manual,pdf,200,1037547,5ad2b13e792ed39b33296a866c7714883ef9363e25b638f5e507efc32c94a979,2026-09-19,1,ocr_boxes,2026-09-20,ocr_boxes-1,2026-09-20,parts-2026-09-20f,,,
https://cdn.shopify.com/s/files/1/2325/2729/files/Vibrolux-6G11-A-Layout.pdf?5926397210715640943,,service_manual,pdf,200,1268572,1feec39d2404c0a4a1256db05df4952d3803c694ae79f8093b3ee021242e0af4,2026-09-19,1,ocr_boxes,2026-09-20,ocr_boxes-1,2026-09-20,parts-2026-09-20f,,,
https://cdn.shopify.com/s/files/1/2325/2729/files/Vibrolux-6G11-A-Schematic.pdf?5926397210715640943,,service_manual,pdf,200,848011,e1dabefc3a2f6ec760bb527f51c3f3b7b85829594ffe154cc2c3206a0ce6bdfa,2026-09-19,1,ocr_boxes,2026-09-20,ocr_boxes-1,2026-09-20,parts-2026-09-20f,,,
https://cdn.shopify.com/s/files/1/2325/2729/files/Vibrolux-6G11-Layout.pdf?5926397210715640943,,service_manual,pdf,200,1323188,198b9d37557cf1e5b44219e2fd9a17bb417baeabab57a5fc8dd26c9427b88a81,2026-09-19,1,ocr_boxes,2026-09-20,ocr_boxes-1,2026-09-20,parts-2026-09-20f,,,
https://cdn.shopify.com/s/files/1/2325/2729/files/Vibrolux-6G11-Schematic.pdf?5926397210715640943,,service_manual,pdf,200,1070309,7ebdc1ff5355684c3adb4ea8ed7d2750a542416f576658b6215a7cf078baf0b9,2026-09-19,1,ocr_boxes,2026-09-20,ocr_boxes-1,2026-09-20,parts-2026-09-20f,,,
https://cdn.shopify.com/s/files/1/2325/2729/files/Vibrolux-AA763-layout.pdf?5926397210715640943,,service_manual,pdf,200,577643,79b4dd736e3aed32632dd1ff10248141494c18f129c42afc5da538bdcf296005,2026-09-19,1,ocr_boxes,2026-09-20,ocr_boxes-1,2026-09-20,parts-2026-09-20f,,,
https://cdn.shopify.com/s/files/1/2325/2729/files/Vibrolux-AA763-schematic.pdf?5926397210715640943,,service_manual,pdf,200,542590,9ceac3db216efa84fc012232408dfe8e6df594f45beb00ea772d5005a2bd0793,2026-09-19,1,ocr_boxes,2026-09-20,ocr_boxes-1,2026-09-20,parts-2026-09-20f,,,
https://cdn.shopify.com/s/files/1/2325/2729/files/Vibrolux-AB763-layout.pdf?5926397210715640943,,service_manual,pdf,200,727036,e8c7cab2478668e852632b7799b3f26d14516bcf9c74d9834ad9fada2c8cb79b,2026-09-19,1,ocr_boxes,2026-09-20,ocr_boxes-1,2026-09-20,parts-2026-09-20f,,,
https://cdn.shopify.com/s/files/1/2325/2729/files/Vibrolux-AB763-schematic.pdf?5926397210715640943,,service_manual,pdf,200,580820,b87b6a90c7bb2c07f21cd510b6171ef062e8b7b3e4e986900242d7908dc75c79,2026-09-19,1,ocr_boxes,2026-09-20,ocr_boxes-1,2026-09-20,parts-2026-09-20f,,,
https://cdn.shopify.com/s/files/1/2325/2729/files/Vibrolux-Reverb-AA270-A1270-Schematic.pdf?5926397210715640943,,service_manual,pdf,200,1255922,f9e6534303644f9edfdf4ce41a04ee45e6a1b40ddb53aa12ba9f282f8883946b,2026-09-19,1,ocr_boxes,2026-09-20,ocr_boxes-1,2026-09-20,parts-2026-09-20f,,,
https://cdn.shopify.com/s/files/1/2325/2729/files/Vibrolux-Reverb-AA270-Layout.pdf?5926397210715640943,,service_manual,pdf,200,1279026,b3aab6a3dc794e121847a511bad31ba745cc017937e621af7e451c66809d8167,2026-09-19,1,ocr_boxes,2026-09-20,ocr_boxes-1,2026-09-20,parts-2026-09-20f,,,
https://cdn.shopify.com/s/files/1/2325/2729/files/Vibrolux-Reverb-AA964-layout.pdf?5926397210715640943,,service_manual,pdf,200,687372,c6d3b16437ecff730171daa909ace1c7c34d4a25a2d44233b4f12fce7f9baf6c,2026-09-19,1,ocr_boxes,2026-09-20,ocr_boxes-1,2026-09-20,parts-2026-09-20f,,,
https://cdn.shopify.com/s/files/1/2325/2729/files/Vibrolux-Reverb-AA964-schematic.pdf?5926397210715640943,,service_manual,pdf,200,615264,6a33162478be10f6a181ed7988e74e2ae35878429777f32f7f2149b497157954,2026-09-19,1,ocr_boxes,2026-09-20,ocr_boxes-1,2026-09-20,parts-2026-09-20f,,,
https://cdn.shopify.com/s/files/1/2325/2729/files/Vibrolux-Reverb-AB568-Layout.pdf?5926397210715640943,,service_manual,pdf,200,1341072,848f441b6f4388ce973ad92bfbaf16c67f45ba63cde2dfd55489198a975385da,2026-09-19,1,ocr_boxes,2026-09-20,ocr_boxes-1,2026-09-20,parts-2026-09-20f,,,
https://cdn.shopify.com/s/files/1/2325/2729/files/Vibrolux-Reverb-AB568-Schematic.pdf?5926397210715640943,,service_manual,pdf,200,1283080,d11c17dd187ad8ebbb48c629377d0209baff4cd8cd10187b8e310a9a4c49f737,2026-09-19,1,ocr_boxes,2026-09-20,ocr_boxes-1,2026-09-20,parts-2026-09-20f,,,
https://cdn.shopify.com/s/files/1/2325/2729/files/Vibroverb-6G16-Layout.pdf?5926397210715640943,,service_manual,pdf,200,1314744,ec2e8285cf50beb65207bef8deec48d672215b93e14c6e51fdfaf0747834a9ab,2026-09-19,1,ocr_boxes,2026-09-20,ocr_boxes-1,2026-09-20,parts-2026-09-20f,,,
https://cdn.shopify.com/s/files/1/2325/2729/files/Vibroverb-6G16-Schematic.pdf?5926397210715640943,,service_manual,pdf,200,1211637,74ff4beea01564afca740283b8dd0cf4276c6b719a92292739a2ae2b13fae75f,2026-09-19,1,ocr_boxes,2026-09-20,ocr_boxes-1,2026-09-20,parts-2026-09-20f,,,
https://cdn.shopify.com/s/files/1/2325/2729/files/Vibroverb-AA763-layout.pdf?5926397210715640943,,service_manual,pdf,200,785604,cb0ac37d9e6d333387d6e9fbb55390e8b8cc2d29bcb59ffd39f6e90c39f3c777,2026-09-19,1,ocr_boxes,2026-09-20,ocr_boxes-1,2026-09-20,parts-2026-09-20f,,,
https://cdn.shopify.com/s/files/1/2325/2729/files/Vibroverb-AA763-schematic.pdf?5926397210715640943,,service_manual,pdf,200,745108,b7134ba6e81009b33aa59e7b181e1983a1c1f232a67399c61ea16fa1fe474cf3,2026-09-19,1,ocr_boxes,2026-09-20,ocr_boxes-1,2026-09-20,parts-2026-09-20f,,,
https://cdn.shopify.com/s/files/1/2325/2729/files/Vibroverb-AB763-Layout.pdf?5926397210715640943,,service_manual,pdf,200,1324192,a53190dfe1160c7b563e82dee1932e8a68d684c11f12c6a0bb9972851b01d8e2,2026-09-19,1,ocr_boxes,2026-09-20,ocr_boxes-1,2026-09-20,parts-2026-09-20f,,,
https://cdn.shopify.com/s/files/1/2325/2729/files/Vibroverb-AB763-Schematic.pdf?5926397210715640943,,service_manual,pdf,200,995054,e166af6f83d9b19a3cbdfd930c98996eb8d874a5c6616d988fde3ba5f4fbbcfd,2026-09-19,1,ocr_boxes,2026-09-20,ocr_boxes-1,2026-09-20,parts-2026-09-20f,,,
