doc,page,url,schematic,parts
0,23,"https://www.worldradiohistory.com/Archive-Hands-On-Electronics/Hands-On-1984-Fall.pdf#page=23&zoom=200,265,447&h=773",0,2
0,32,"https://www.worldradiohistory.com/Archive-Hands-On-Electronics/Hands-On-1984-Fall.pdf#page=32&zoom=200,471,91&h=774",1,4
0,33,"https://www.worldradiohistory.com/Archive-Hands-On-Electronics/Hands-On-1984-Fall.pdf#page=33&zoom=200,54,552&h=773",1,1
0,34,"https://www.worldradiohistory.com/Archive-Hands-On-Electronics/Hands-On-1984-Fall.pdf#page=34&zoom=200,107,12&h=773",1,3
0,36,"https://www.worldradiohistory.com/Archive-Hands-On-Electronics/Hands-On-1984-Fall.pdf#page=36&zoom=200,254,166&h=773",1,4
0,38,"https://www.worldradiohistory.com/Archive-Hands-On-Electronics/Hands-On-1984-Fall.pdf#page=38&zoom=200,108,142&h=774",1,2
0,42,"https://www.worldradiohistory.com/Archive-Hands-On-Electronics/Hands-On-1984-Fall.pdf#page=42&zoom=200,11,31&h=773",0,2
0,43,"https://www.worldradiohistory.com/Archive-Hands-On-Electronics/Hands-On-1984-Fall.pdf#page=43&zoom=200,12,154&h=772",1,4
0,48,"https://www.worldradiohistory.com/Archive-Hands-On-Electronics/Hands-On-1984-Fall.pdf#page=48&zoom=200,355,197&h=773",1,3
0,49,"https://www.worldradiohistory.com/Archive-Hands-On-Electronics/Hands-On-1984-Fall.pdf#page=49&zoom=200,448,241&h=773",1,1
0,51,"https://www.worldradiohistory.com/Archive-Hands-On-Electronics/Hands-On-1984-Fall.pdf#page=51&zoom=200,300,43&h=773",1,2
0,54,"https://www.worldradiohistory.com/Archive-Hands-On-Electronics/Hands-On-1984-Fall.pdf#page=54&zoom=200,65,584&h=773",1,3
0,56,"https://www.worldradiohistory.com/Archive-Hands-On-Electronics/Hands-On-1984-Fall.pdf#page=56&zoom=200,2,414&h=773",0,1
0,61,"https://www.worldradiohistory.com/Archive-Hands-On-Electronics/Hands-On-1984-Fall.pdf#page=61&zoom=200,69,68&h=771",1,1
0,65,"https://www.worldradiohistory.com/Archive-Hands-On-Electronics/Hands-On-1984-Fall.pdf#page=65&zoom=200,219,143&h=771",1,1
0,68,"https://www.worldradiohistory.com/Archive-Hands-On-Electronics/Hands-On-1984-Fall.pdf#page=68&zoom=200,265,314&h=772",0,1
0,69,"https://www.worldradiohistory.com/Archive-Hands-On-Electronics/Hands-On-1984-Fall.pdf#page=69&zoom=200,261,281&h=772",1,2
0,70,"https://www.worldradiohistory.com/Archive-Hands-On-Electronics/Hands-On-1984-Fall.pdf#page=70&zoom=200,120,218&h=772",1,7
0,71,"https://www.worldradiohistory.com/Archive-Hands-On-Electronics/Hands-On-1984-Fall.pdf#page=71&zoom=200,53,184&h=772",1,3
0,73,"https://www.worldradiohistory.com/Archive-Hands-On-Electronics/Hands-On-1984-Fall.pdf#page=73&zoom=200,440,200&h=772",1,2
0,78,"https://www.worldradiohistory.com/Archive-Hands-On-Electronics/Hands-On-1984-Fall.pdf#page=78&zoom=200,83,60&h=773",1,4
0,79,"https://www.worldradiohistory.com/Archive-Hands-On-Electronics/Hands-On-1984-Fall.pdf#page=79&zoom=200,385,453&h=772",1,4
0,80,"https://www.worldradiohistory.com/Archive-Hands-On-Electronics/Hands-On-1984-Fall.pdf#page=80&zoom=200,8,441&h=772",0,3
0,82,"https://www.worldradiohistory.com/Archive-Hands-On-Electronics/Hands-On-1984-Fall.pdf#page=82&zoom=200,415,90&h=773",1,1
0,89,"https://www.worldradiohistory.com/Archive-Hands-On-Electronics/Hands-On-1984-Fall.pdf#page=89&zoom=200,249,358&h=773",1,2
1,21,"https://www.worldradiohistory.com/Archive-Hands-On-Electronics/Hands-On-1985-Winter.pdf#page=21&zoom=200,125,275&h=771",1,1
1,29,"https://www.worldradiohistory.com/Archive-Hands-On-Electronics/Hands-On-1985-Winter.pdf#page=29&zoom=200,263,229&h=770",1,1
1,30,"https://www.worldradiohistory.com/Archive-Hands-On-Electronics/Hands-On-1985-Winter.pdf#page=30&zoom=200,145,234&h=771",1,3
1,32,"https://www.worldradiohistory.com/Archive-Hands-On-Electronics/Hands-On-1985-Winter.pdf#page=32&zoom=200,0,529&h=771",1,1
1,40,"https://www.worldradiohistory.com/Archive-Hands-On-Electronics/Hands-On-1985-Winter.pdf#page=40&zoom=200,23,402&h=770",1,4
1,45,"https://www.worldradiohistory.com/Archive-Hands-On-Electronics/Hands-On-1985-Winter.pdf#page=45&zoom=200,85,267&h=769",1,2
1,54,"https://www.worldradiohistory.com/Archive-Hands-On-Electronics/Hands-On-1985-Winter.pdf#page=54&zoom=200,310,438&h=772",1,1
1,55,"https://www.worldradiohistory.com/Archive-Hands-On-Electronics/Hands-On-1985-Winter.pdf#page=55&zoom=200,281,349&h=770",1,1
1,65,"https://www.worldradiohistory.com/Archive-Hands-On-Electronics/Hands-On-1985-Winter.pdf#page=65&zoom=200,267,122&h=769",1,1
1,66,"https://www.worldradiohistory.com/Archive-Hands-On-Electronics/Hands-On-1985-Winter.pdf#page=66&zoom=200,274,119&h=771",1,2
1,76,"https://www.worldradiohistory.com/Archive-Hands-On-Electronics/Hands-On-1985-Winter.pdf#page=76&zoom=200,88,55&h=770",1,2
1,82,"https://www.worldradiohistory.com/Archive-Hands-On-Electronics/Hands-On-1985-Winter.pdf#page=82&zoom=200,348,29&h=771",1,1
1,83,"https://www.worldradiohistory.com/Archive-Hands-On-Electronics/Hands-On-1985-Winter.pdf#page=83&zoom=200,170,98&h=772",0,1
1,86,"https://www.worldradiohistory.com/Archive-Hands-On-Electronics/Hands-On-1985-Winter.pdf#page=86&zoom=200,171,554&h=771",1,2
1,87,"https://www.worldradiohistory.com/Archive-Hands-On-Electronics/Hands-On-1985-Winter.pdf#page=87&zoom=200,403,78&h=772",1,2
