part,doc,page,times,near
0D3,1s,97,1,
12AT7,b,35,1,V2B R9 C15
12AT7,b,37,1,
12AU7,1v,13,1,
12AU7,b,92,1,
12AU7,h,17,1,
12AU7,l,59,1,
12AV6,1p,55,2,
12AV6,1p,57,1,
12AV6,1q,63,2,
12AV6,1q,64,1,
12AV6,1q,65,1,
12AV6,1z,71,2,T3
12AX7,5,104,1,V2 V2 R9
1N137A,1u,75,1,
1N1489,1s,82,1,
1N1695,1w,37,1,
1N1763,1s,82,1,
1N1767,1s,80,1,
1N1770,1s,80,1,
1N1773,1s,80,1,
1N1777,1s,80,1,
1N1779,1s,80,1,
1N1781,1s,80,1,
1N198,1u,94,1,
1N200,1u,75,1,
1N2059,2,25,1,R6 R8 U2
1N2069,2,85,1,
1N2070,1y,41,1,C12B T2 R7
1N2071,b,35,1,C19B C20 R13
1N209,1u,75,1,
1N2326,1t,42,1,
1N2326,5,99,1,
1N25,1u,98,1,C1
1N295,1u,94,1,
1N3019,1s,79,1,
1N3035,f,67,1,
1N3182,1x,36,2,D2 S2B R1
1N3222,1m,57,1,
1N34,1,109,1,
1N34,13,69,1,
1N34,1k,70,1,SW2a SW3a
1N34,1r,33,1,
1N34,1v,10,1,
1N34,1y,99,1,
1N34,8,13,1,
1N34,a,108,1,R4 R5 T1
1N34A,1,30,1,
1N34A,1,31,2,
1N34A,1e,25,2,
1N34A,1u,94,1,
1N34A,1v,60,1,D1 C7 R5
1N34A,4,148,1,
1N34A,5,79,1,
1N34A,5,103,1,
1N34A,a,108,1,D2 T3 Q3
1N34A,c,37,1,
1N34A,c,38,1,
1N34A,j,69,1,
1N34A,k,35,1,
1N34A,p,64,3,D2 D1 C2
1N34A,y,51,1,
1N34B,1u,94,1,
1N38A,1u,94,1,
1N38B,1u,94,1,
1N4000,15,64,1,
1N4001,1,45,3,
1N4001,1l,87,3,
1N4001,v,92,1,
1N4002,1,45,1,
1N4002,1h,45,1,
1N4002,1l,87,1,
1N4003,1,45,1,
1N4003,1e,39,2,
1N4003,1l,87,1,
1N4003,1m,34,2,
1N4003,c,30,1,
1N4004,1,45,1,
1N4004,16,64,2,
1N4004,1e,39,1,
1N4004,1l,87,1,
1N4004,1m,34,1,
1N4005,1e,39,1,
1N4005,1m,34,1,
1N4009,1r,31,1,Q1 C1
1N4364,1x,37,1,
1N459,5,83,1,
1N48,2,83,1,
1N5230,1j,46,1,
1N5230,2,74,1,
1N536,1s,82,1,
1N536,7,81,1,
1N539,1s,82,2,D1 T1
1N54,5,83,1,
1N54,5,85,1,R2 R3
1N5402,1e,39,2,
1N5402,1e,40,1,
1N5402,1m,34,2,
1N5402,1m,35,1,
1N5403,1e,39,1,
1N5403,1m,34,1,
1N60,11,43,1,
1N60,1u,94,1,
1N60,4,135,1,D1 Q1
1N60,5,79,1,
1N60,9,51,1,
1N60,9,73,2,
1N60,p,64,1,
1N64,1u,94,1,
1N69A,1u,94,1,
1N69A,7,87,1,
1N70A,1u,94,1,
1N70A,9,73,1,
1N758A,w,64,2,D1 R3 R2
1N81A,1u,94,1,
1N82,5,103,2,
1N90,2,85,1,
1N914,1,97,1,
1N914,1a,35,1,
1N914,1b,40,1,
1N914,i,27,2,
1N914,m,55,1,
1N914,n,39,2,
1N914,u,56,1,
1N914,y,51,1,
1X2,e,5,1,
1X2,g,4,1,
2A3,16,64,1,
2N107,1s,61,1,
2N107,1t,43,1,
2N107,1w,65,1,
2N107,1z,77,1,Q2 Q1 R1
2N107,5,78,3,Q2 C6 C5
2N107,5,96,2,Q1 R2
2N107,6,18,2,
2N107,7,78,2,
2N107,8,5,1,
2N109,d,50,1,
2N1177,1r,89,2,Q1 C7 C5
2N1178,1m,69,1,
2N1178,1n,40,1,
2N1178,1t,87,1,
2N1178,k,77,1,
2N1180,9,51,1,S1
2N1265,4,133,2,Q2 Q3 Q1
2N1302,1t,60,2,R3 R4 R7
2N1302,7,52,1,
2N1302,7,54,2,Q5 R13 R12
2N1302,b,92,1,
2N1302,l,29,1,R2
2N1302,o,62,3,Q1 R2 R3
2N1303,1w,43,1,Q1 R1 J1
2N1304,1c,34,1,Q2 R29 S4
2N1305,l,29,2,R2
2N1370,7,93,1,
2N1380,4,138,1,T1 C2 C3
2N1381,4,131,1,Q3 C2
2N1381,4,133,2,Q3 Q2 Q1
2N1413,7,64,1,Q1 Q2
2N1414,1u,62,1,Q3 C4 S1
2N1486,t,60,1,
2N1500,h,20,1,
2N1524,1z,73,2,T2 C12 C15
2N1526,1z,73,1,T1 C9 C5
2N155,1u,9,1,
2N155,a,14,1,
2N1671,1e,49,1,
2N1671B,1e,49,1,
2N170,1u,9,1,
2N170,1z,77,1,Q2 Q1 R1
2N170,6,18,1,
2N170,a,14,1,
2N176,1t,31,1,Q2 R5 C3
2N176,1w,43,2,
2N188A,1s,48,1,
2N1893,1k,40,1,
2N190,c,46,3,Q2 Q1
2N2084,1m,69,1,
2N2084,1t,87,1,
2N2084,k,77,1,
2N2102,1e,49,1,
2N2102,1e,50,1,Q1 R2 R3
2N2160,1t,57,2,
2N2160,1t,58,2,
2N2160,1t,59,1,Q1 C1 R2
2N2160,1t,60,1,R2 R3 R4
2N2160,1t,61,1,Q1 C2 D1
2N2160,c,46,3,Q1 R2 R3
2N217,1r,84,1,
2N217,1r,85,3,Q1 R3 Q3
2N217,1r,97,1,
2N217,1r,99,1,
2N217,5,103,4,Q1
2N217,6,84,2,Q1 R1 C3
2N217,6,86,1,
2N217,d,50,1,
2N2180,h,20,1,
2N2222,1f,37,1,Q1 R3 C1
2N2222,1j,30,1,Q1 C6 T1
2N2222,q,31,2,R5 R6 R4
2N2222A,1k,67,1,
2N2222A,2,41,1,
2N2270,k,36,1,
2N2270,k,37,2,
2N2270,l,59,1,
2N2401,d,49,2,Q1 L2 C3
2N241A,1s,48,1,
2N241A,1s,61,1,
2N2430,1q,96,1,
2N2484,1g,26,1,Q1 R4 R2
2N255,4,141,1,
2N2613,1t,31,1,Q1 R4 C3
2N2613,1x,54,1,C11 C10 R12
2N2613,a,40,3,Q1 C1 S1A
2N2613,d,50,2,
2N2613,q,68,2,
2N2614,1z,73,1,T5 R11 C13
2N2646,1,59,2,Q1 Q2 R12
2N2646,1b,33,1,Q1 Q2 R2
2N2646,1b,80,1,
2N2646,1c,32,1,
2N2646,1d,33,1,Q3 R6 C3
2N2646,1e,49,3,
2N2646,7,18,1,C106B R1
2N2646,c,30,3,
2N270,1s,48,1,
2N2712,1r,31,1,Q1
2N2869,1r,84,1,
2N2897,1k,67,1,
2N2897,2,41,1,
2N2907,1g,30,3,Q1 Q2 U3
2N2907,1h,44,3,Q2 Q3
2N2907,1i,52,2,Q2
2N2907,1j,30,1,Q2 R14 R15
2N2924,15,64,1,
2N2924,c,30,5,Q3 Q4 C4
2N2924,h,58,2,C2 R4 R3
2N2924,m,70,2,Q1 R3 T2
2N2924,v,70,2,
2N2926,g,53,3,Q1 R2
2N2926,g,55,1,
2N2926,g,91,1,
2N301,1r,84,1,
2N301,1r,85,3,Q3 Q1 R3
2N301A,7,77,1,
2N301A,7,111,1,
2N304,1c,34,1,R25 R24 C8
2N3055,19,80,1,
2N306,a,83,1,
2N307,4,131,1,
2N307,4,141,1,
2N307,5,93,4,
2N307,5,94,1,Q2
2N307,5,107,3,
2N322,1s,46,4,Q1 R5 S1
2N322,1s,47,4,Q2 S3 R6
2N322,1s,48,1,
2N322,1s,110,2,Q1 R5 R3
2N3242A,1y,49,1,
2N3391,1u,50,2,
2N3391,i,65,2,Q1 R7 C2
2N3394,1g,66,1,
2N3394,1x,54,1,R19 R5 R7
2N3398,1,84,1,Q1 C3 R2
2N3398,1d,46,1,Q1 C3
2N3565,d,49,2,
2N3632,f,67,2,Q1 C2 R1
2N3632,f,68,1,
2N3638,c,30,6,Q6 R7 Q7
2N3638,m,70,1,
2N3638,u,46,3,
2N3638C,m,70,1,Q2 C2 C4
2N3643,1d,74,1,
2N3643,1d,75,1,
2N3646,1e,49,1,
2N3703,b,48,1,Q2 C3 T1
2N3711,1r,14,1,
2N3725,u,46,1,
2N3766,1u,50,1,
2N3771,1n,69,1,R2 C1 C2
2N3771,1n,70,1,
2N3819,z,66,2,
2N3860,1k,67,1,
2N3860,2,41,1,
2N388,d,49,3,
2N3904,1,59,1,Q2 Q1 C5
2N3904,18,62,2,
2N3904,1b,33,1,Q2 Q1 C5
2N3904,1d,33,2,C2 R4 R3
2N3904,1g,60,3,Q1 R21 R2
2N3904,1k,31,2,Q2 R16 C14
2N3904,r,45,1,
2N3905,2,47,1,R4 R3
2N3906,1f,31,1,
2N404,1m,38,2,
2N404,1s,61,1,
2N404,1u,81,2,
2N404,1w,66,1,T2
2N404,5,93,2,
2N404,5,94,1,Q2
2N404,5,107,2,
2N404,7,78,2,
2N404,7,111,1,
2N404,d,59,1,
2N404,d,60,3,
2N404,i,61,2,
2N404A,1s,48,1,
2N4054,8,14,1,
2N4057,8,14,1,
2N406,1t,39,3,
2N406,1t,40,3,
2N4074,1y,49,1,
2N408,1z,73,1,R16 R11 T5
2N412,4,133,2,Q1 Q2 T1
2N4231,18,62,1,Q2 D2 R4
2N4292,1u,39,2,Q2 R5 C3
2N4292,9,66,1,
2N4292,9,67,1,
2N4292,g,64,1,Q2 R5 C5
2N4321,18,62,1,
2N440,6,18,1,
2N4401,1n,98,1,Q1 C3 R5
2N4416,n,39,3,Q1 R3 R2
2N4441,g,34,2,R3 Q1 R2
2N4948,g,34,3,Q1 R3 C2
2N500,h,20,1,
2N5060,1f,42,1,Q1 S5 R14
2N508,1u,62,2,Q1 C1 R1
2N508,6,90,1,
2N508,6,91,1,Q1 R2 R3
2N5088,1k,67,1,
2N5088,2,41,1,
2N5089,1k,67,1,
2N5089,2,41,1,
2N5129,1k,67,1,
2N5129,1k,76,1,
2N5129,2,41,1,
2N5129,2,94,1,
2N5129,j,72,1,Q4 C3 Q5
2N5129,j,73,3,Q2 R4 C2
2N5139,j,72,1,Q5 Q4
2N5139,j,73,1,Q5 R11 R6
2N5220,m,41,3,
2N5220,m,42,1,
2N525A,1s,61,1,
2N5306,b,54,2,Q2 C1 S1
2N5306,k,44,5,
2N5355,f,36,1,
2N5355,f,37,3,Q1 R1 C2
2N5355,f,38,1,
2N5458,1,97,1,
2N5458,1,98,1,Q1 C2 R2
2N5458,1a,35,1,
2N5458,1a,36,1,C2 Q1 R2
2N5461,17,52,1,
2N5465,17,52,1,
2N554,7,65,2,
2N5770,14,56,1,
2N579,1y,101,1,C2
2N579,1y,102,1,
2N6027,1f,52,1,Q1 R2 C4
2N669,7,64,2,Q2 Q3 Q1
2N697,1x,36,3,Q2 R15 C8
2N697,z,57,1,Q1 C2 R6
2N706,1n,69,1,Q2 R2 R3
2N706,l,65,1,
2N869,1r,84,1,
2SA93,h,20,3,
3000A,1f,43,1,
3000HZ,1l,20,1,
3000UF,1,44,1,C1 D2 D1
3000W,13,53,1,
3N128,i,27,2,Q2 C8 R2
3N128,l,59,1,
50C5,1i,82,1,
50C5,1p,11,2,
50C5,1p,55,1,
50C5,1p,56,1,
50C5,1p,57,1,
50C5,1q,63,1,
50C5,1q,64,2,
50C5,1q,65,1,
50C5,1z,71,2,
50L6,7,69,1,
5Y3,1p,11,1,
5Y3,8,70,1,C1
5Y4G,1f,59,1,
5Z3,16,65,2,
5Z3,1p,11,1,
6AL5,1h,53,1,
6AL5,5,83,3,
6AL5,5,87,2,R2
6AL5,5,88,1,C3 R6 C5
6AL5,5,104,1,C3 C4 R4
6AL5,t,24,1,
6AQ5,8,69,2,
6AQ5A,1q,56,1,
6AQ5A,a,83,1,
6AU6,5,29,1,R3 R2 R4
6AU6,5,30,1,
6AU6,l,59,1,
6AV6,7,63,1,
6BA6,b,41,2,
6BA6,b,42,2,R102 R103 R101
6BA6,b,43,1,
6BE6,1p,10,1,T3 C2
6BE6,b,41,1,
6BE6,b,42,4,R101 R102
6BE6,b,43,3,
6BE6,r,4,1,
6BE6,r,38,1,
6C4,1n,40,1,
6C4,1t,86,2,
6C4,1u,91,3,C1 R1 C2
6C4,k,76,2,
6C5,1j,40,1,
6C5,2,58,1,
6C7,16,65,1,
6E5,16,64,1,
6E5,4,142,2,
6E5,4,143,1,
6E5,4,144,3,
6FQ7,1q,56,1,
6FQ7,a,83,1,
6G5,4,144,1,
6GH8,1q,56,1,
6GH8,1q,78,1,
6GH8,1v,76,1,
6GH8,a,83,1,
6GH8A,1q,32,1,V201A C263 C204
6GH8A,1q,56,4,
6GH8A,1q,80,2,V703A C718 C717
6GH8A,1v,56,1,C263 C204 C201
6GH8A,1v,78,3,V703A C718 C717
6GH8A,a,83,2,
6GW8,1g,20,1,
6J5,1j,40,1,
6J5,2,58,1,
6J5,n,24,1,
6J6,1u,91,1,R2
6L6G,1,71,1,
6L6G,1d,57,1,
6SK7,n,24,1,
6SN7,1j,40,1,
6SN7,2,58,1,
6SN7,l,84,1,
6SN7,n,24,1,
6SN7,t,24,1,
6Y6,1i,82,1,
7806K,1e,39,1,
7806K,1m,34,1,
7806T,1e,39,1,
7806T,1m,34,1,
7815K,1e,40,1,
7815K,1m,35,1,
7906K,1e,39,1,
7906K,1m,34,1,
7906T,1e,39,1,
7906T,1m,34,1,
B120,1m,58,1,
B150,1e,61,1,
BC221,1r,34,2,
BC221,1r,35,4,
BC221,1r,36,1,
BC312,0,48,1,
BC342,0,48,1,
BC348,0,48,1,
BC625,6,14,1,
BDG111B,y,52,1,
BFD68,18,40,1,
BFD68,18,87,1,
BFD68,1o,40,1,
BLK115,4,22,1,
BSR400,1x,83,1,
BSR400,b,26,1,
CA3046,i,67,1,
CA3080,1b,40,2,
CD4016,1c,34,1,
CD4017,17,47,1,
CD4066,1c,34,4,IC30 R12 IC3B
ECL86,1g,20,1,
EL01,1b,7,1,
EL06,1c,14,1,
EL10,1d,7,1,
EL101,6,9,2,
EL102,7,5,1,
EL103,1r,5,1,
EL105,1u,23,2,
EL12,1x,108,1,
EL14,1e,7,1,
EL16,1f,7,1,
EL17,1z,98,1,
EL18,c,107,1,
EL20,1g,7,1,
EL20,d,99,1,
EL22,e,99,1,
EL23,f,97,1,
EL26,h,99,1,
EL28,i,91,1,
EL30,1k,7,1,
EL30,j,101,1,
EL33,l,99,1,
EL35,m,99,1,
EL36,n,99,1,
EL37,o,97,1,
EL40,p,99,1,
EL43,q,3,1,
EL47,t,3,1,
EL49,u,3,1,
EL50,v,3,1,
EL53,w,3,1,
EL56,1d,28,1,
EL57,x,3,1,
EL59,y,3,1,
EL60,z,3,1,
EL62,10,3,1,
EL68,11,3,1,
EL71,12,3,1,
EL74,13,3,1,
EL77,14,3,1,
EL82,15,89,1,
EL84,16,91,1,
EL86,17,99,1,
EL92,18,91,1,
EL94,19,7,1,
EM100,1y,12,1,
EY500A,1g,20,1,
GD110,h,19,3,
GD111,j,8,1,
GD111,k,50,1,
GD111,l,96,3,
GD113,j,9,1,
GD120,h,19,1,
GD125,j,22,1,
GD130,h,19,1,
GD160,h,19,3,
GD162,g,37,1,
GD209A,1z,8,1,
GD209A,c,82,1,
GD325C,1x,83,3,
GD348,1d,18,1,
GD348,1e,26,1,
GD348,n,83,2,
GD348,q,88,1,
GD396,1y,8,1,
GD600,1d,18,1,
GD600,1e,26,1,
GT101,h,19,3,
KSA623,s,80,1,
KSC644,s,80,1,
KSC645,s,80,1,
KSC864,s,80,1,
KT174,7,67,1,
KT174,7,69,1,
KT200,r,20,1,
KT401,p,14,2,
KT401,p,15,1,
LM1458,1b,40,1,
LM309,1n,69,1,
LM309H,1k,26,1,C2 C3 R5
LM309H,2,25,1,R2
LM309K,14,56,1,
LM309K,x,72,2,R2
LM309K,y,69,4,
LM309K,z,57,1,IC4 C5 C4
LM323,1,44,2,
LM324,1j,46,2,U3A R8 R7
LM324,1k,26,4,C4 R5 R6
LM324,2,74,1,U3A R8 R7
LM338,1k,58,3,U1 R2 R3
LM339,16,47,3,
LM339,1l,77,3,
LM339,2,29,1,
LM340,1,62,1,
LM340,1i,52,1,
LM386,1e,49,1,
LM386,1e,50,2,
LM386,2,79,1,
LM3914,2,66,2,R3 R1
LM3914N,2,85,1,
LM555,1k,37,3,
LM741C,2,25,1,U2 R8 C1
MC1303L,1y,49,1,
MC1303L,i,67,1,R4 R5 C3
MC1303L,i,68,1,
MC1303L,m,56,2,C6 R3 R5
MC7805,1,45,1,
MC7805,1,46,1,
MC7805,1l,87,1,
MC7805,1l,88,1,
MJE520,c,30,3,
MPF103,a,50,1,L1A C2 C1
MPF104,1x,36,1,C3 R1 D2
MPF104,1x,37,1,
MPF104,h,52,1,C4 C3 R2
MPS3694,k,37,2,C15
MPS3702,k,37,2,C106 D5
NE555,1k,31,5,
NE555,x,36,1,D1 C2 S3
PCL805,1g,20,1,
PCL86,1g,20,1,
PL111,1w,107,1,
PL113,1w,107,1,
PL116,1w,107,1,
PL504,1g,20,1,
PL519,1g,20,1,
PL82,j,93,1,
S1G,1m,61,1,
TIP30,1c,34,1,Q3 J4 Q2
UA741,m,53,3,R2 R1 C2
UL46,1u,72,1,
UY227,v,54,1,
Z80,18,66,1,
Z80,18,87,1,
Z80,1a,40,3,
Z80,1b,81,2,
Z80,1c,53,3,
Z80,1f,17,6,
Z80,1g,27,2,
Z80,1g,35,1,
Z80,1h,35,1,
Z80,1h,55,2,
Z80,1h,56,2,
Z80,1h,66,1,
Z80,1i,35,1,
Z80,1j,13,1,
Z80,1j,23,1,
Z80,1k,35,1,
Z80,1l,52,1,
Z80,1n,67,1,
Z80,1n,84,1,
Z80,1n,85,1,
Z80,1o,6,2,
Z80,1o,7,2,
Z80,1o,13,1,
Z80,1o,24,2,
Z80,1o,39,1,
Z80,1o,40,1,
Z80,3,38,1,
Z80,3,39,1,
Z80A,1j,13,1,
