id,key,title,url,parent,role,year,month,pages,sha
0,https://www.passdiy.com/project/amplifiers/a40-part-substitutions,Pass A40 Part Substitutions,https://www.passdiy.com/project/amplifiers/a40-part-substitutions,,project_page,,,1,565a83e2f62b33fa
1,https://www.passdiy.com/project/amplifiers/a75-part-1,Pass A75 Part 1,https://www.passdiy.com/project/amplifiers/a75-part-1,,project_page,,,1,2e90530b6ec1ec7e
10,https://www.passdiy.com/projects/images/content/citation17.png,Pass Build a MOSFET Citation 12,https://www.passdiy.com/projects/images/content/citation17.png,,figure,,,1,51b2a6f19d087d90
11,https://www.passdiy.com/projects/images/content/amazing_9.png,Pass Build The Amazing FET Circlotron,https://www.passdiy.com/projects/images/content/amazing_9.png,3,figure,,,1,f8aa7ab15e2709e2
12,https://www.passdiy.com/projects/images/content/amazing_10.png,Pass Build The Amazing FET Circlotron,https://www.passdiy.com/projects/images/content/amazing_10.png,3,figure,,,1,ab8b7728a1040293
13,https://www.passdiy.com/projects/images/content/cascode_7.png,Pass Cascode Amplifier Design,https://www.passdiy.com/projects/images/content/cascode_7.png,,figure,,,1,d056352e53fbb5ec
14,https://www.passdiy.com/projects/images/content/cascode_8.png,Pass Cascode Amplifier Design,https://www.passdiy.com/projects/images/content/cascode_8.png,,figure,,,1,c817ee90314e2b84
15,https://www.passdiy.com/projects/images/content/classa_amp9.png,Pass Construct a Class - A Amplifier,https://www.passdiy.com/projects/images/content/classa_amp9.png,4,figure,,,1,68974891efad1f60
16,https://www.passdiy.com/projects/images/content/diyopamp10.png,Pass DIY Op Amps,https://www.passdiy.com/projects/images/content/diyopamp10.png,5,figure,,,1,e05ee8cdf1729ac7
17,https://www.passdiy.com/projects/images/content/diyopamp11.png,Pass DIY Op Amps,https://www.passdiy.com/projects/images/content/diyopamp11.png,5,figure,,,1,4dbb7219a5c6f94e
18,https://www.passdiy.com/projects/images/content/diyopamp14.png,Pass DIY Op Amps,https://www.passdiy.com/projects/images/content/diyopamp14.png,5,figure,,,1,ff6205ef10742a36
19,https://www.passdiy.com/projects/images/content/diyopamp15.png,Pass DIY Op Amps,https://www.passdiy.com/projects/images/content/diyopamp15.png,5,figure,,,1,3251efc5309d4b8d
1a,https://www.passdiy.com/projects/images/content/a_6.png,Pass The Pass A-40 Power Amplifier,https://www.passdiy.com/projects/images/content/a_6.png,8,figure,,,1,32454800164b9761
1b,https://www.passdiy.com/projects/images/content/plh_amplifier8.png,Pass The PLH Amplifier,https://www.passdiy.com/projects/images/content/plh_amplifier8.png,,figure,,,1,872bfdd195a2bc13
1c,https://www.passdiy.com/projects/images/content/plh_amplifier13.png,Pass The PLH Amplifier,https://www.passdiy.com/projects/images/content/plh_amplifier13.png,,figure,,,1,0f106c11c3a41a69
1d,https://www.passdiy.com/projects/images/content/zenamp_2.png,Pass The Zen Amplifier,https://www.passdiy.com/projects/images/content/zenamp_2.png,9,figure,,,1,b1186eb9105d6c36
1e,https://www.passdiy.com/projects/images/content/zenlite_1.png,Pass Zen Variations 1,https://www.passdiy.com/projects/images/content/zenlite_1.png,b,figure,,,1,8dface43526fa212
1f,https://www.passdiy.com/projects/images/content/zenlite_3.png,Pass Zen Variations 1,https://www.passdiy.com/projects/images/content/zenlite_3.png,b,figure,,,1,dccf0774188e2d70
1g,https://www.passdiy.com/projects/images/content/zenlite_6.png,Pass Zen Variations 1,https://www.passdiy.com/projects/images/content/zenlite_6.png,b,figure,,,1,6493c908eb879e22
1h,https://www.passdiy.com/projects/images/content/zenlite_8.png,Pass Zen Variations 1,https://www.passdiy.com/projects/images/content/zenlite_8.png,b,figure,,,1,6a0854b5efc79634
1i,https://www.passdiy.com/projects/images/content/zenlite_9.png,Pass Zen Variations 1,https://www.passdiy.com/projects/images/content/zenlite_9.png,b,figure,,,1,d883c218cd014b79
1j,https://www.passdiy.com/projects/images/content/zenlite_14.png,Pass Zen Variations 1,https://www.passdiy.com/projects/images/content/zenlite_14.png,b,figure,,,1,4a8bb700535a8800
1k,https://www.passdiy.com/projects/images/content/zenlite_15.png,Pass Zen Variations 1,https://www.passdiy.com/projects/images/content/zenlite_15.png,b,figure,,,1,002e5c49f53c296f
1l,https://www.passdiy.com/projects/images/content/zenlite_16.png,Pass Zen Variations 1,https://www.passdiy.com/projects/images/content/zenlite_16.png,b,figure,,,1,f91dd1c5f980c675
1m,https://www.passdiy.com/projects/images/content/ver2_1.png,Pass Zen Variations 2,https://www.passdiy.com/projects/images/content/ver2_1.png,,figure,,,1,0e13ef3d4ca476c1
1n,https://www.passdiy.com/projects/images/content/ver2_2.png,Pass Zen Variations 2,https://www.passdiy.com/projects/images/content/ver2_2.png,,figure,,,1,6d1a80b6d19f64dd
1o,https://www.passdiy.com/projects/images/content/ver2_6.png,Pass Zen Variations 2,https://www.passdiy.com/projects/images/content/ver2_6.png,,figure,,,1,a6a997e6ea6d8401
1p,https://www.passdiy.com/projects/images/content/ver3_2.png,Pass Zen Variations 3,https://www.passdiy.com/projects/images/content/ver3_2.png,c,figure,,,1,699cccfceeefda4e
1q,https://www.passdiy.com/projects/images/content/ver3_3.png,Pass Zen Variations 3,https://www.passdiy.com/projects/images/content/ver3_3.png,c,figure,,,1,89de0f24982061fd
1r,https://www.passdiy.com/projects/images/content/ver3_4.png,Pass Zen Variations 3,https://www.passdiy.com/projects/images/content/ver3_4.png,c,figure,,,1,0f7b7c8dea0c7808
1s,https://www.passdiy.com/projects/images/content/ver3_7.png,Pass Zen Variations 3,https://www.passdiy.com/projects/images/content/ver3_7.png,c,figure,,,1,ef545eecb368bcf8
1t,https://www.passdiy.com/projects/images/content/ver3_8.png,Pass Zen Variations 3,https://www.passdiy.com/projects/images/content/ver3_8.png,c,figure,,,1,20e38038a473709a
1u,https://www.passdiy.com/projects/images/content/zen_v4_1.png,Pass Zen Variations 4,https://www.passdiy.com/projects/images/content/zen_v4_1.png,d,figure,,,1,60e4e516d7798bad
1v,https://www.passdiy.com/projects/images/content/zen_v4_2.png,Pass Zen Variations 4,https://www.passdiy.com/projects/images/content/zen_v4_2.png,d,figure,,,1,57adc322b3ce46a4
1w,https://www.passdiy.com/projects/images/content/zen_v4_3.png,Pass Zen Variations 4,https://www.passdiy.com/projects/images/content/zen_v4_3.png,d,figure,,,1,a406c3239ee7a46d
1x,https://www.passdiy.com/projects/images/content/v5_3.png,Pass Zen Variations 5 Hi Res,https://www.passdiy.com/projects/images/content/v5_3.png,e,figure,,,1,9ba4af53c680ed81
1y,https://www.passdiy.com/projects/images/content/v5_8.png,Pass Zen Variations 5 Hi Res,https://www.passdiy.com/projects/images/content/v5_8.png,e,figure,,,1,bd9b70712a2cf998
1z,https://www.passdiy.com/projects/images/content/v5_lowres_3.png,Pass Zen Variations 5 Low Res,https://www.passdiy.com/projects/images/content/v5_lowres_3.png,f,figure,,,1,3f06d96585ea2fac
2,https://www.passdiy.com/project/amplifiers/a75-part-2,Pass A75 Part 2,https://www.passdiy.com/project/amplifiers/a75-part-2,,project_page,,,1,06a4b90e627cf0cb
20,https://www.passdiy.com/projects/images/content/v5_lowres_8.png,Pass Zen Variations 5 Low Res,https://www.passdiy.com/projects/images/content/v5_lowres_8.png,f,figure,,,1,0ba6400555cd3462
21,https://www.passdiy.com/projects/images/content/v7_1.png,Pass Zen Variations 7,https://www.passdiy.com/projects/images/content/v7_1.png,,figure,,,1,85ddae0d51a7dc3b
22,https://www.passdiy.com/projects/images/content/v7_8.png,Pass Zen Variations 7,https://www.passdiy.com/projects/images/content/v7_8.png,,figure,,,1,68b044019236b55b
23,https://www.passdiy.com/projects/images/content/v7_15.png,Pass Zen Variations 7,https://www.passdiy.com/projects/images/content/v7_15.png,,figure,,,1,635539e6fd78c24f
24,https://www.passdiy.com/projects/images/content/zv8_power_2.png,Pass Zen Variations 8,https://www.passdiy.com/projects/images/content/zv8_power_2.png,h,figure,,,1,5255a55cd97137ca
25,https://www.passdiy.com/projects/images/content/zv9_2.png,Pass Zen Variations 9,https://www.passdiy.com/projects/images/content/zv9_2.png,,figure,,,1,44026f337cce55ed
26,https://www.passdiy.com/projects/images/content/zv9_4.png,Pass Zen Variations 9,https://www.passdiy.com/projects/images/content/zv9_4.png,,figure,,,1,b6edbd220232a64e
27,https://www.passdiy.com/projects/images/content/zv9_6.png,Pass Zen Variations 9,https://www.passdiy.com/projects/images/content/zv9_6.png,,figure,,,1,060b412a90d765db
28,https://www.passdiy.com/projects/images/content/zv9_8.png,Pass Zen Variations 9,https://www.passdiy.com/projects/images/content/zv9_8.png,,figure,,,1,616afcd9fe28e8c8
29,https://www.passdiy.com/projects/images/content/brideofzen_1.png,Pass Bride of Zen,https://www.passdiy.com/projects/images/content/brideofzen_1.png,k,figure,,,1,e86f982561509398
2a,https://www.passdiy.com/projects/images/content/brideofzen_2.png,Pass Bride of Zen,https://www.passdiy.com/projects/images/content/brideofzen_2.png,k,figure,,,1,d88c10895deeb6a5
2b,https://www.passdiy.com/projects/images/content/pearl2_1.png,Pass Pearl 2,https://www.passdiy.com/projects/images/content/pearl2_1.png,l,figure,,,1,4dbdf3c01513d160
2c,https://www.passdiy.com/projects/images/content/pearl2_2.png,Pass Pearl 2,https://www.passdiy.com/projects/images/content/pearl2_2.png,l,figure,,,1,3dcea6f4d7d75753
2d,https://www.passdiy.com/projects/images/content/el_pipe10.png,Pass The Legend of EL PIPE-O,https://www.passdiy.com/projects/images/content/el_pipe10.png,m,figure,,,1,f7357bcc058085d6
2e,https://www.passdiy.com/projects/images/content/ba1_2.png,Pass Burning Amplifier # 1,https://www.passdiy.com/projects/images/content/ba1_2.png,o,figure,,,1,ae8213488f7bcae5
2f,https://www.passdiy.com/projects/images/content/ba1_6.png,Pass Burning Amplifier # 1,https://www.passdiy.com/projects/images/content/ba1_6.png,o,figure,,,1,c94484671b8b94b5
2g,https://www.passdiy.com/projects/images/content/ba2_3.png,Pass Burning Amplifier # 2,https://www.passdiy.com/projects/images/content/ba2_3.png,p,figure,,,1,ee966173dbc76898
2h,https://www.passdiy.com/projects/images/content/sweet_spot_9.png,Pass The Sweet Spot,https://www.passdiy.com/projects/images/content/sweet_spot_9.png,r,figure,,,1,5e9846577b26454b
2i,https://www.passdiy.com/projects/images/content/sweet_spot_10.png,Pass The Sweet Spot,https://www.passdiy.com/projects/images/content/sweet_spot_10.png,r,figure,,,1,1e617b8970097471
2j,https://www.passdiy.com/projects/images/content/z_IV_3.png,Pass Zen I/V Converter,https://www.passdiy.com/projects/images/content/z_IV_3.png,,figure,,,1,6f5a55df9904be27
3,https://www.passdiy.com/project/amplifiers/build-the-amazing-fet-circlotron,Pass Build The Amazing FET Circlotron,https://www.passdiy.com/project/amplifiers/build-the-amazing-fet-circlotron,,project_page,,,1,b6f2eacfadb1f5ac
4,https://www.passdiy.com/project/amplifiers/construct-a-class-a-amplifier,Pass Construct a Class - A Amplifier,https://www.passdiy.com/project/amplifiers/construct-a-class-a-amplifier,,project_page,,,1,5df8b0b99c84a409
5,https://www.passdiy.com/project/amplifiers/diy-op-amps,Pass DIY Op Amps,https://www.passdiy.com/project/amplifiers/diy-op-amps,,project_page,,,1,6b958a46cb0f7c04
6,https://www.passdiy.com/project/amplifiers/son-of-zen,Pass Son of Zen,https://www.passdiy.com/project/amplifiers/son-of-zen,,project_page,,,1,0ffab59066bd1955
7,https://www.passdiy.com/project/amplifiers/the-amazing-fet-circlotron-construction-continued,"Pass The Amazing FET Circlotron Construction, Continued",https://www.passdiy.com/project/amplifiers/the-amazing-fet-circlotron-construction-continued,,project_page,,,1,07617892d6aaca9d
8,https://www.passdiy.com/project/amplifiers/the-pass-a-40-power-amplifier,Pass The Pass A-40 Power Amplifier,https://www.passdiy.com/project/amplifiers/the-pass-a-40-power-amplifier,,project_page,,,1,4f325343e3effafd
9,https://www.passdiy.com/project/amplifiers/the-zen-amplifier,Pass The Zen Amplifier,https://www.passdiy.com/project/amplifiers/the-zen-amplifier,,project_page,,,1,52f521dac92383a3
a,https://www.passdiy.com/project/amplifiers/zen-amplifier-revisited,Pass Zen Amplifier Revisited,https://www.passdiy.com/project/amplifiers/zen-amplifier-revisited,,project_page,,,1,1f2cf516c4353bea
b,https://www.passdiy.com/project/amplifiers/zen-variations-1,Pass Zen Variations 1,https://www.passdiy.com/project/amplifiers/zen-variations-1,,project_page,,,1,7ac27c7d302735b9
c,https://www.passdiy.com/project/amplifiers/zen-variations-3,Pass Zen Variations 3,https://www.passdiy.com/project/amplifiers/zen-variations-3,,project_page,,,1,4211d155bc4b5ed7
d,https://www.passdiy.com/project/amplifiers/zen-variations-4,Pass Zen Variations 4,https://www.passdiy.com/project/amplifiers/zen-variations-4,,project_page,,,1,ef6d18091557292e
e,https://www.passdiy.com/project/amplifiers/zen-variations-5-hi-res,Pass Zen Variations 5 Hi Res,https://www.passdiy.com/project/amplifiers/zen-variations-5-hi-res,,project_page,,,1,ccd8a2dc3a071be4
f,https://www.passdiy.com/project/amplifiers/zen-variations-5-low-res,Pass Zen Variations 5 Low Res,https://www.passdiy.com/project/amplifiers/zen-variations-5-low-res,,project_page,,,1,98c1a87dd7f4825a
g,https://www.passdiy.com/project/amplifiers/zen-variations-6,Pass Zen Variations 6,https://www.passdiy.com/project/amplifiers/zen-variations-6,,project_page,,,1,b74acdf17944d0e5
h,https://www.passdiy.com/project/amplifiers/zen-variations-8,Pass Zen Variations 8,https://www.passdiy.com/project/amplifiers/zen-variations-8,,project_page,,,1,cfbda04b611a69ed
i,https://www.passdiy.com/project/preamplifiers/b1-buffer-preamp,Pass B1 Buffer Preamp,https://www.passdiy.com/project/preamplifiers/b1-buffer-preamp,,project_page,,,1,8c11f8b0c889b4c5
j,https://www.passdiy.com/project/preamplifiers/balanced-zen-line-stage,Pass Balanced Zen Line Stage,https://www.passdiy.com/project/preamplifiers/balanced-zen-line-stage,,project_page,,,1,df25a790a8857460
k,https://www.passdiy.com/project/preamplifiers/bride-of-zen,Pass Bride of Zen,https://www.passdiy.com/project/preamplifiers/bride-of-zen,,project_page,,,1,875aac886aeb2798
l,https://www.passdiy.com/project/preamplifiers/pearl-2,Pass Pearl 2,https://www.passdiy.com/project/preamplifiers/pearl-2,,project_page,,,1,a0b721e39bdda136
m,https://www.passdiy.com/project/speakers/the-legend-of-el-pipe-o,Pass The Legend of EL PIPE-O,https://www.passdiy.com/project/speakers/the-legend-of-el-pipe-o,,project_page,,,1,53c8e044c59187ef
n,https://www.passdiy.com/project/articles/arch-nemesis,Pass Arch Nemesis,https://www.passdiy.com/project/articles/arch-nemesis,,project_page,,,1,22ccff58c390ffef
o,https://www.passdiy.com/project/articles/burning-amplifier-1,Pass Burning Amplifier # 1,https://www.passdiy.com/project/articles/burning-amplifier-1,,project_page,,,1,49b473666922c2b0
p,https://www.passdiy.com/project/articles/burning-amplifier-2,Pass Burning Amplifier # 2,https://www.passdiy.com/project/articles/burning-amplifier-2,,project_page,,,1,f133d6f1d4cfda8f
q,https://www.passdiy.com/project/articles/super-symmetric-amplification,Pass Super-Symmetric Amplification,https://www.passdiy.com/project/articles/super-symmetric-amplification,,project_page,,,1,6b6345423d1e6fc7
r,https://www.passdiy.com/project/articles/the-sweet-spot,Pass The Sweet Spot,https://www.passdiy.com/project/articles/the-sweet-spot,,project_page,,,1,f49e145c51f60ced
s,https://www.passdiy.com/projects/images/content/a75_2.png,Pass A75 Part 1,https://www.passdiy.com/projects/images/content/a75_2.png,1,figure,,,1,4cc3858b85e77d6d
t,https://www.passdiy.com/projects/images/content/a75_9.png,Pass A75 Part 1,https://www.passdiy.com/projects/images/content/a75_9.png,1,figure,,,1,6caa54c8f0e2b6ee
u,https://www.passdiy.com/projects/images/content/a75_10.png,Pass A75 Part 1,https://www.passdiy.com/projects/images/content/a75_10.png,1,figure,,,1,c31a5d962c94c5c4
v,https://www.passdiy.com/projects/images/content/a75_v2_1.png,Pass A75 Part 2,https://www.passdiy.com/projects/images/content/a75_v2_1.png,2,figure,,,1,e76feedadcb60077
w,https://www.passdiy.com/projects/images/content/citation2.png,Pass Build a MOSFET Citation 12,https://www.passdiy.com/projects/images/content/citation2.png,,figure,,,1,9d3f2bc94e2b7e39
x,https://www.passdiy.com/projects/images/content/citation3.png,Pass Build a MOSFET Citation 12,https://www.passdiy.com/projects/images/content/citation3.png,,figure,,,1,c4f11831f3ec292f
y,https://www.passdiy.com/projects/images/content/citation7.png,Pass Build a MOSFET Citation 12,https://www.passdiy.com/projects/images/content/citation7.png,,figure,,,1,6b62ba197fe2949f
z,https://www.passdiy.com/projects/images/content/citation8.png,Pass Build a MOSFET Citation 12,https://www.passdiy.com/projects/images/content/citation8.png,,figure,,,1,8f42463fe8a7b62a
