part,kind,source,category,note,priority,aliases
0B2,zener,audio documents,3 documents (groupdiy_threads),,3,
1N456A,diode,musikding.de,Dioden / Silizium Dioden,,2,
1N457A,diode,musikding.de,Dioden / Silizium Dioden,,2,
1N4734A,zener,audio documents,2 documents (el34world),,3,
1N4743A,zener,audio documents,15 documents (el34world),,2,
1N4745A,zener,audio documents,15 documents (el34world),,2,
1N4751A,zener,audio documents,"4 documents (el34world, schematicheaven)",,3,
1N4754A,zener,audio documents,3 documents (el34world),,3,
1N4756A,zener,audio documents,3 documents (el34world),,3,
1N4758A,zener,audio documents,2 documents (groupdiy_threads),,3,
1N4760A,zener,audio documents,"2 documents (el34world, schematicheaven)",,3,
1N5223B,zener,audio documents,"10 documents (el34world, schematicheaven)",,2,
1N5226B,zener,audio documents,3 documents (el34world),,3,
1N5234B,zener,audio documents,"4 documents (el34world, schematicheaven)",,3,
1N5235,zener,audio documents,3 documents (el34world),,3,
1N5236,zener,audio documents,5 documents (el34world),,3,
1N5239,zener,audio documents,2 documents (el34world),,3,
1N5239B,zener,audio documents,"2 documents (el34world, schematicheaven)",made by Various,3,
1N5240B,zener,audio documents,"24 documents (el34world, groupdiy_threads, schematicheaven)",,2,
1N5243,zener,audio documents,"2 documents (el34world, groupdiy_threads)",made by Vishay/On Semiconductor/others,3,
1N5244B,zener,audio documents,"17 documents (el34world, schematicheaven)",,2,
1N5245A,zener,audio documents,"2 documents (el34world, schematicheaven)",,3,
1N5245B,zener,audio documents,"18 documents (el34world, groupdiy_threads, schematicheaven)",,2,
1N5257B,zener,audio documents,2 documents (el34world),,3,
1N5261,zener,audio documents,2 documents (el34world),,3,
1N5347A,zener,audio documents,"4 documents (el34world, schematicheaven)",,3,
1N5352,zener,audio documents,"7 documents (el34world, schematicheaven)",,3,
1N5353,zener,audio documents,2 documents (el34world),,3,
1N5356B,zener,audio documents,"3 documents (el34world, schematicheaven)",,3,
1N5366,zener,audio documents,6 documents (el34world),,3,
1N5368B,zener,audio documents,"4 documents (el34world, schematicheaven)",,3,
1N5370,zener,audio documents,"4 documents (el34world, schematicheaven)",made by Various,3,
1N5378,zener,audio documents,"2 documents (el34world, schematicheaven)",,3,
1N5388,zener,audio documents,"2 documents (el34world, schematicheaven)",,3,
1N746,zener,audio documents,"37 documents (el34world, schematicheaven)",,2,
1N747,zener,audio documents,2 documents (el34world),,3,
1N754A,zener,audio documents,"27 documents (el34world, schematicheaven)",,2,
1N755,zener,audio documents,2 documents (esp),,3,
1N757A,zener,audio documents,4 documents (el34world),,3,
1N758,zener,audio documents,2 documents (el34world),,3,
1N759A,zener,audio documents,2 documents (el34world),made by Motorola/National (historical),3,
1N916,diode,musikding.de,Dioden / Silizium Dioden,,2,
1N949,diode-ge,musikding.de,Dioden / Germanium Dioden,,2,
1S1588,diode,musikding.de,Dioden / Silizium Dioden,,2,1SS133
2N2219A,bjt,musikding.de,Transistoren / Silizium universal,"NPN, hFE 100–300",2,
2N2369A,bjt,musikding.de,Transistoren / Silizium universal,"NPN, hFE 40–120",2,
2N2924,bjt,musikding.de,Transistoren / Silizium universal,"NPN, hFE 150–300",2,
2N3392,bjt,musikding.de,Transistoren / Silizium universal,"NPN, hFE 150–300",2,
2N4125,bjt,musikding.de,Transistoren / Silizium universal,"PNP, hFE 50–200",2,
2N5172,bjt,musikding.de,Transistoren / Silizium universal,"NPN, hFE 100–500",2,
2N5306,bjt,musikding.de,Transistoren / Darlington,NPN,2,
2N5308,bjt,musikding.de,Transistoren / Darlington,NPN,2,
2N5952,jfet,musikding.de,Transistoren / FET,,2,
2N6027G,other,musikding.de,Transistoren / Silizium universal,,2,2N6027
2N6428,bjt,musikding.de,Transistoren / Silizium universal,"NPN, hFE 250–600",2,
2SK3557,jfet,musikding.de,Transistoren / FET,,2,
4560,opamp,audio documents,"2 documents (el34world, schematicheaven)",made by JRC (New Japan Radio),3,
4580,opamp,audio documents,"7 documents (freestompboxes_threads, groupdiy_threads)",made by JRC (New Japan Radio / NJR),3,
5687WB,tube,musikding.de,Röhren / NOS Röhren,,2,5687
6F1P,tube,musikding.de,Röhren / NOS Röhren,,2,
6S19P-V,tube,musikding.de,Röhren / NOS Röhren,,2,6S19P 6C19P
6SH5P,tube,musikding.de,Röhren / NOS Röhren,,2,6J5P 6ZH5P 6AH6
6SH9P,tube,musikding.de,Röhren / NOS Röhren,,2,6J9P 6ZH9P E180F
74ACT06,logic,audio documents,"2 documents (el34world, schematicheaven)",,3,
74ACT132,logic,audio documents,"2 documents (el34world, schematicheaven)",,3,
74ACT133,logic,audio documents,"2 documents (el34world, schematicheaven)",,3,
74ACT68,logic,audio documents,"2 documents (el34world, schematicheaven)",,3,
74ACT88,logic,audio documents,"2 documents (el34world, schematicheaven)",,3,
74C14,logic,audio documents,"10 documents (esp, groupdiy_threads)",,2,
74C157,logic,audio documents,2 documents (groupdiy_threads),,3,
74HC08,logic,audio documents,2 documents (freestompboxes_threads),,3,
74HC574,logic,audio documents,2 documents (freestompboxes_threads),,3,
74HCT4066,logic,audio documents,"2 documents (el34world, esp)",,3,
74HCT673,logic,audio documents,"2 documents (el34world, schematicheaven)",,3,
74LS240,logic,musikding.de,ICs / CD.../CA.../Timer,,3,
74LS30,logic,musikding.de,ICs / CD.../CA.../Timer,,3,
74LS374,logic,musikding.de,ICs / CD.../CA.../Timer,,3,
74LS628,logic,audio documents,"2 documents (el34world, schematicheaven)",,3,
74LV4040,logic,audio documents,2 documents (el34world),made by TI/National et al.,3,
7815,regulator,audio documents,"2 documents (el34world, schematicheaven)",,3,
78S12,regulator,audio documents,"3 documents (el34world, groupdiy_threads, schematicheaven)",,2,
7905,regulator,audio documents,2 documents (freestompboxes_threads),,3,
7918CKC,regulator,musikding.de,Transistoren / Spannungsregler,,2,7918 LM7918 MC7918 L7918
79L12,regulator,audio documents,"11 documents (el34world, groupdiy_threads, schematicheaven)",,2,
79L15,regulator,audio documents,"11 documents (el34world, groupdiy_threads, schematicheaven)",,2,
80C31,control,audio documents,5 documents (el34world),made by Intel/various,3,
80C32,control,audio documents,"2 documents (el34world, freestompboxes_threads)",made by Intel/various,3,
AC125,bjt-ge,musikding.de,Transistoren / Germanium Transistoren / AC125 - PNP,"PNP, hFE 100–110",2,
AD139,bjt-ge,audio documents,"2 documents (el34world, schematicheaven)",made by Various,3,
AD140,bjt-ge,audio documents,"2 documents (el34world, schematicheaven)",,3,
AD149,bjt-ge,audio documents,"4 documents (el34world, esp, schematicheaven)",,2,
AD161,bjt-ge,audio documents,2 documents (esp),made by (historic: AD/Allied / germanium vendors),3,
AD536,opamp,audio documents,"12 documents (esp, groupdiy_threads)",made by Analog Devices,2,
AD629,opamp,audio documents,2 documents (el34world),made by Analog Devices,3,
AD711,opamp,audio documents,3 documents (groupdiy_threads),made by Analog Devices,3,
AD713,opamp,audio documents,2 documents (groupdiy_threads),made by Analog Devices,3,
AD737,opamp,audio documents,9 documents (esp),made by Analog Devices,3,
AD8000,opamp,audio documents,8 documents (groupdiy_threads),made by Analog Devices,3,
AD8066,opamp,audio documents,2 documents (groupdiy_threads),made by Analog Devices,3,
AD811,opamp,audio documents,2 documents (groupdiy_threads),made by Analog Devices,3,
AD818,opamp,audio documents,2 documents (groupdiy_threads),made by Analog Devices,3,
AD825,opamp,audio documents,"9 documents (esp, groupdiy_threads)",made by Analog Devices,3,
AD829,opamp,audio documents,"4 documents (esp, groupdiy_threads)",made by Analog Devices,3,
AD8512,opamp,audio documents,4 documents (groupdiy_threads),made by Analog Devices,3,
AD8599,opamp,audio documents,5 documents (groupdiy_threads),made by Analog Devices,3,
AF118,bjt-ge,audio documents,"2 documents (el34world, schematicheaven)",made by Various (Pro Electron),3,
AF127,bjt-ge,audio documents,"3 documents (el34world, groupdiy_threads, schematicheaven)",,2,
AN7815,regulator,audio documents,2 documents (el34world),,3,
AN7915,regulator,audio documents,2 documents (el34world),,3,
AS3046,ic-audio,musikding.de,ICs / CD.../CA.../Timer,NPN,2,CA3046
AS3310,ic-audio,musikding.de,ICs / Alfa ICs,,2,CEM3310
AS3320,ic-audio,musikding.de,ICs / Alfa ICs,,2,CEM3320
AS3330,vca,musikding.de,ICs / Alfa ICs,,2,CEM3330
AS3340,ic-audio,musikding.de,ICs / Alfa ICs,,2,CEM3340
AS3363,vca,musikding.de,ICs / Alfa ICs,,2,
AS3372,ic-audio,musikding.de,ICs / Alfa ICs,,2,CEM3372
AS3394E,ic-audio,musikding.de,ICs / Alfa ICs,,2,CEM3394
B500C1500B,diode,musikding.de,Transistoren / Gleichrichter,,2,
B500C2300-1500,diode,musikding.de,Transistoren / Gleichrichter,,2,
B80C5000A,diode,musikding.de,Transistoren / Gleichrichter,,2,
BA282,diode,musikding.de,Dioden / Silizium Dioden,,2,
BA4558,opamp,audio documents,"4 documents (el34world, groupdiy_threads)",,3,
BA4560,opamp,audio documents,"7 documents (el34world, groupdiy_threads, schematicheaven)",,2,
BA6110,ic-audio,audio documents,"4 documents (el34world, schematicheaven)",,3,
BA6343,ic-audio,audio documents,"2 documents (el34world, schematicheaven)",,3,
BA9221,digital-audio,audio documents,2 documents (el34world),,3,
BC107B,bjt,musikding.de,Transistoren / Silizium universal,"NPN, hFE 40–200",2,
BC108C,bjt,musikding.de,Transistoren / Silizium universal,"NPN, hFE 400–800",2,
BC109B,bjt,musikding.de,Transistoren / Silizium universal,"NPN, hFE 200–450",2,
BC182B,bjt,musikding.de,Transistoren / Silizium universal,"NPN, hFE 240–500",2,
BC183A,bjt,musikding.de,Transistoren / Silizium universal,"NPN, hFE 125–260",2,
BC183B,bjt,musikding.de,Transistoren / Silizium universal,"NPN, hFE 240–500",2,
BC183C,bjt,musikding.de,Transistoren / Silizium universal,"NPN, hFE 400–800",2,
BC546A,bjt,musikding.de,Transistoren / Silizium universal,"NPN, hFE 110–220",2,
BC546C,bjt,musikding.de,Transistoren / Silizium universal,"NPN, hFE 420–800",2,
BC547A,bjt,musikding.de,Transistoren / Silizium universal,"NPN, hFE 110–220",2,
BC557A,bjt,musikding.de,Transistoren / Silizium universal,"PNP, hFE 110–220",2,
BC559A,bjt,musikding.de,Transistoren / Silizium universal,"PNP, hFE 110–220",2,
BC559B,bjt,musikding.de,Transistoren / Silizium universal,"PNP, hFE 200–450",2,
BC560B,bjt,musikding.de,Transistoren / Silizium universal,"PNP, hFE 200–450",2,
BC638,bjt,musikding.de,Transistoren / Silizium universal,"PNP, hFE 25–160",2,
BC847A,bjt,musikding.de,Transistoren / SMD Transistoren,"NPN, hFE 125–250",2,
BC857A,bjt,musikding.de,Transistoren / SMD Transistoren,"PNP, hFE 125–250",2,
BC857C,bjt,musikding.de,Transistoren / SMD Transistoren,"PNP, hFE 420–800",2,
BCW30,bjt,"Samsung Transistor Data Book Vol. 1, small signal (1988)",PNP,5 magazine pages mention it,3,
BCW31,bjt,"Samsung Transistor Data Book Vol. 1, small signal (1988)",NPN,8 magazine pages mention it,3,
BCW71,bjt,"Samsung Transistor Data Book Vol. 1, small signal (1988)",NPN,6 magazine pages mention it,3,
BCW72,bjt,"Samsung Transistor Data Book Vol. 1, small signal (1988)",NPN,10 magazine pages mention it,3,
BD239A,bjt,Harris Bipolar Power Transistors (1992),NPN/PNP,12 magazine pages mention it,3,
BD240,bjt,Harris Bipolar Power Transistors (1992),PNP,7 magazine pages mention it,3,
BD241C,bjt,Harris Bipolar Power Transistors (1992),NPN/PNP,2 magazine pages mention it,3,
BD242,bjt,Harris Bipolar Power Transistors (1992),NPN/PNP,59 magazine pages mention it,2,
BD243A,bjt,Harris Bipolar Power Transistors (1992),NPN/PNP,2 magazine pages mention it,3,
BD243B,bjt,Harris Bipolar Power Transistors (1992),NPN/PNP,2 magazine pages mention it,3,
BD243C,bjt,Harris Bipolar Power Transistors (1992),NPN/PNP,17 magazine pages mention it,3,
BD244,bjt,Harris Bipolar Power Transistors (1992),PNP,3 magazine pages mention it,3,
BD244A,bjt,Harris Bipolar Power Transistors (1992),PNP,4 magazine pages mention it,3,
BD244C,bjt,Harris Bipolar Power Transistors (1992),PNP,19 magazine pages mention it,3,
BD500,bjt,Harris Bipolar Power Transistors (1992),NPN/PNP,1 magazine pages mention it,3,
BD533,bjt,Harris Bipolar Power Transistors (1992),NPN/PNP,6 magazine pages mention it,3,
BD534,bjt,Harris Bipolar Power Transistors (1992),NPN/PNP,3 magazine pages mention it,3,
BD535,bjt,Harris Bipolar Power Transistors (1992),NPN/PNP,44 magazine pages mention it,3,
BD536,bjt,Harris Bipolar Power Transistors (1992),NPN/PNP,34 magazine pages mention it,3,
BD643,bjt,Harris Bipolar Power Transistors (1992),NPN darlington,4 magazine pages mention it,3,
BD649,bjt,Harris Bipolar Power Transistors (1992),NPN darlington,69 magazine pages mention it,2,
BD895,bjt,Harris Bipolar Power Transistors (1992),NPN darlington,3 magazine pages mention it,3,
BD897,bjt,Harris Bipolar Power Transistors (1992),NPN darlington,3 magazine pages mention it,3,
BD899,bjt,Harris Bipolar Power Transistors (1992),NPN darlington,3 magazine pages mention it,3,
BD901,bjt,Harris Bipolar Power Transistors (1992),NPN darlington,1 magazine pages mention it,3,
BDX18,bjt,Harris Bipolar Power Transistors (1992),PNP,3 magazine pages mention it,3,
BDX33,bjt,Harris Bipolar Power Transistors (1992),NPN darlington,1 magazine pages mention it,3,
BDX33C,bjt,Harris Bipolar Power Transistors (1992),NPN darlington,24 magazine pages mention it,3,
BDX34A,bjt,Harris Bipolar Power Transistors (1992),PNP darlington,3 magazine pages mention it,3,
BDX34B,bjt,Harris Bipolar Power Transistors (1992),PNP darlington,3 magazine pages mention it,3,
BDX34C,bjt,Harris Bipolar Power Transistors (1992),PNP darlington,1 magazine pages mention it,3,
BDY55,bjt,Harris Bipolar Power Transistors (1992),NPN,28 magazine pages mention it,3,
BDY92,bjt,Harris Bipolar Power Transistors (1992),NPN,5 magazine pages mention it,3,
BF256C,jfet,musikding.de,Transistoren / FET,,2,
BF545A,jfet,musikding.de,Transistoren / SMD Transistoren,,2,
BF545B,jfet,musikding.de,Transistoren / SMD Transistoren,,2,
BF545C,jfet,musikding.de,Transistoren / SMD Transistoren,,2,
BL3208,digital-audio,audio documents,"4 documents (freestompboxes_threads, groupdiy_threads)",,3,
BU407,bjt,databook,,,3,
BU806,bjt,databook,,,3,
BU807,bjt,databook,,,3,
BUY69A,bjt,Harris Bipolar Power Transistors (1992),NPN,12 magazine pages mention it,3,
BUY69B,bjt,Harris Bipolar Power Transistors (1992),NPN,10 magazine pages mention it,3,
BUY69C,bjt,Harris Bipolar Power Transistors (1992),NPN,37 magazine pages mention it,3,
BZV85C6V2,zener,audio documents,"2 documents (el34world, schematicheaven)",,3,
BZX55,zener,audio documents,"38 documents (el34world, schematicheaven)",,2,
BZX55C11,zener,musikding.de,"Dioden / Zener Dioden / Zener Dioden 0,5W",,2,1N5241B
BZX55C1V8,zener,musikding.de,"Dioden / Zener Dioden / Zener Dioden 0,5W",,2,
BZX55C39,zener,musikding.de,"Dioden / Zener Dioden / Zener Dioden 0,5W",,2,1N5259B
BZX55C3V6,zener,musikding.de,"Dioden / Zener Dioden / Zener Dioden 0,5W",,2,1N5227B
BZX55C4V3,zener,musikding.de,"Dioden / Zener Dioden / Zener Dioden 0,5W",,2,1N5229B
BZX55C56,zener,musikding.de,"Dioden / Zener Dioden / Zener Dioden 0,5W",,2,1N5263B
BZX55C5V6,zener,musikding.de,"Dioden / Zener Dioden / Zener Dioden 0,5W",,2,1N5232B
BZX55C6V8,zener,musikding.de,"Dioden / Zener Dioden / Zener Dioden 0,5W",,2,1N5235B
BZX55C7V5,zener,musikding.de,"Dioden / Zener Dioden / Zener Dioden 0,5W",,2,1N5236B
BZX55C8V2,zener,musikding.de,"Dioden / Zener Dioden / Zener Dioden 0,5W",,2,1N5237B
BZX55C8V7,zener,musikding.de,"Dioden / Zener Dioden / Zener Dioden 0,5W",,2,1N5238B
BZX61C5V6,zener,audio documents,"2 documents (el34world, schematicheaven)",,3,
BZX79,zener,audio documents,"8 documents (el34world, esp, groupdiy_threads)",,2,
BZX85-15,zener,audio documents,"4 documents (el34world, schematicheaven)",,3,
BZX85C11,zener,musikding.de,"Dioden / Zener Dioden / Zener Dioden 1,3W",,2,1N4741A
BZX85C2V7,zener,musikding.de,"Dioden / Zener Dioden / Zener Dioden 1,3W",,2,
BZX85C3V6,zener,musikding.de,"Dioden / Zener Dioden / Zener Dioden 1,3W",,2,1N4729A
BZX85C8V2,zener,musikding.de,"Dioden / Zener Dioden / Zener Dioden 1,3W",,2,1N4738A
BZY88,zener,audio documents,"17 documents (el34world, schematicheaven)",,2,
BZY88-C2V7,zener,audio documents,"2 documents (el34world, schematicheaven)",,3,
BZY97C,zener,audio documents,"2 documents (el34world, schematicheaven)",,3,
CA3086,ic-audio,musikding.de,ICs / CD.../CA.../Timer,,2,
CA3146,ic-audio,audio documents,2 documents (groupdiy_threads),made by Intersil/National/etc.,3,
CA3280,ota,audio documents,"10 documents (el34world, esp, groupdiy_threads)",made by Intersil/Exar/others,2,
CA3458,opamp,audio documents,"2 documents (el34world, schematicheaven)",made by Intersil/Exar/others,3,
CD4000,logic,audio documents,3 documents (groupdiy_threads),,3,
CD4001,logic,audio documents,"2 documents (el34world, groupdiy_threads)",,3,
CD4014,logic,musikding.de,ICs / CD.../CA.../Timer,,3,
CD4015,logic,musikding.de,ICs / CD.../CA.../Timer,,3,
CD4016,logic,audio documents,"4 documents (el34world, groupdiy_threads)",,3,
CD4021,logic,musikding.de,ICs / CD.../CA.../Timer,,3,
CD4024,logic,musikding.de,ICs / CD.../CA.../Timer,,3,
CD4028,logic,musikding.de,ICs / CD.../CA.../Timer,,3,
CD4044,logic,audio documents,"3 documents (el34world, groupdiy_threads, schematicheaven)",,2,
CD4046,logic,musikding.de,ICs / CD.../CA.../Timer,,3,
CD4047,logic,audio documents,2 documents (freestompboxes_threads),made by Texas Instruments / Intersil / others,3,
CD4049,logic,audio documents,"4 documents (ampgarage_threads, el34world, freestompboxes_threads)",,2,
CD4066,logic,audio documents,"8 documents (el34world, esp, schematicheaven)",made by Texas Instruments / numerous,2,
CD4069,logic,audio documents,"14 documents (el34world, schematicheaven)",made by Texas Instruments and many,2,
CD4070,logic,musikding.de,ICs / CD.../CA.../Timer,,3,
CD4071,logic,musikding.de,ICs / CD.../CA.../Timer,,3,
CD4072,logic,audio documents,2 documents (el34world),,3,
CD4098,logic,musikding.de,ICs / CD.../CA.../Timer,,3,
CD4538,logic,musikding.de,ICs / CD.../CA.../Timer,,3,
CEM3381,opamp,audio documents,"3 documents (el34world, groupdiy_threads)",,3,
CPC1017NTR,opto,musikding.de,ICs / SMD ICs,,2,
CS4224,ic-audio,audio documents,2 documents (freestompboxes_threads),made by Cirrus Logic,3,
D40C1,bjt,Harris Bipolar Power Transistors (1992),NPN darlington,43 magazine pages mention it,3,
D40D5,bjt,Harris Bipolar Power Transistors (1992),NPN,12 magazine pages mention it,3,
D41D1,bjt,Harris Bipolar Power Transistors (1992),PNP,10 magazine pages mention it,3,
D42C3,bjt,Harris Bipolar Power Transistors (1992),NPN,5 magazine pages mention it,3,
D43C8,bjt,Harris Bipolar Power Transistors (1992),PNP,6 magazine pages mention it,3,
D44C2,bjt,Harris Bipolar Power Transistors (1992),NPN,6 magazine pages mention it,3,
D45H8,bjt,Harris Bipolar Power Transistors (1992),PNP,6 magazine pages mention it,3,
D9B,diode-ge,musikding.de,Dioden / Germanium Dioden,,2,
D9D,diode-ge,musikding.de,Dioden / Germanium Dioden,,2,
D9K,diode-ge,musikding.de,Dioden / Germanium Dioden,,2,
D9L,diode-ge,musikding.de,Dioden / Germanium Dioden,,2,
DRV134,ic-audio,audio documents,44 documents (groupdiy_threads),made by Texas Instruments (formerly Burr‑Brown/DRV series),2,
DRV135,opamp,audio documents,7 documents (groupdiy_threads),made by Texas Instruments,3,
DSP56362,digital-audio,audio documents,2 documents (freestompboxes_threads),made by Motorola/Freescale,3,
E180F,tube,musikding.de,Röhren / NOS Röhren,,2,6688 6J9P
E80CF,tube,musikding.de,Röhren / NOS Röhren,,2,7643
EF98,tube,musikding.de,Röhren / NOS Röhren,,2,6ET6
EFT83,bjt-ge,musikding.de,Transistoren / Germanium Transistoren / Selektiert,"PNP, hFE 40–50",2,
EL821,tube,musikding.de,Röhren / NOS Röhren,,2,6CH6
FDH333,diode,musikding.de,Dioden / Silizium Dioden,,2,
GT2307,bjt-ge,musikding.de,Transistoren / Germanium Transistoren / Selektiert,"PNP, hFE 30–40",2,
GT308,bjt-ge,musikding.de,Transistoren / Germanium Transistoren / Selektiert,"PNP, hFE 20–30",2,
H11F2,opto,audio documents,"4 documents (el34world, schematicheaven)",made by Broadcom/Avago/etc.,3,
H11F3,opto,audio documents,2 documents (el34world),,3,
HA1017,opamp,audio documents,"2 documents (el34world, schematicheaven)",,3,
HA12017,opamp,audio documents,"2 documents (el34world, schematicheaven)",made by Hitachi,3,
HA2539,opamp,audio documents,2 documents (esp),made by Intersil / Renesas,3,
HA3500,opamp,audio documents,"2 documents (el34world, groupdiy_threads)",made by Hitachi/various,3,
HA4741,opamp,audio documents,4 documents (groupdiy_threads),made by Harris (Intersil/Harris heritage),3,
HEF4053,logic,audio documents,2 documents (groupdiy_threads),made by NXP/Philips,3,
INA103,ic-audio,audio documents,"13 documents (esp, groupdiy_threads)",made by Burr-Brown (now TI),2,
INA134,ic-audio,audio documents,21 documents (groupdiy_threads),made by Burr‑Brown / Texas Instruments,2,
INA137,opamp,audio documents,5 documents (groupdiy_threads),made by Burr-Brown / Texas Instruments,3,
INA163,ic-audio,audio documents,16 documents (groupdiy_threads),made by Burr‑Brown / Texas Instruments,2,
IRFU9024N,mosfet,musikding.de,Transistoren / Spannungsregler,,2,IRFU9024
J107,jfet,musikding.de,Transistoren / FET,,2,
J211,jfet,musikding.de,Transistoren / FET,,2,
JRC2068,opamp,audio documents,"2 documents (el34world, schematicheaven)",made by JRC (New Japan Radio),3,
JRC5532,opamp,audio documents,2 documents (groupdiy_threads),made by New Japan Radio (JRC),3,
KBU4A,diode,musikding.de,Transistoren / Gleichrichter,,2,
KSA473,bjt,"Samsung Transistor Data Book Vol. 1, small signal (1988)",PNP,5 magazine pages mention it,3,2SA473
KSA634,bjt,"Samsung Transistor Data Book Vol. 1, small signal (1988)",PNP,10 magazine pages mention it,3,2SA634
KSA636,bjt,"Samsung Transistor Data Book Vol. 1, small signal (1988)",PNP,8 magazine pages mention it,3,2SA636
KSC1096,bjt,"Samsung Transistor Data Book Vol. 1, small signal (1988)",NPN,13 magazine pages mention it,3,2SC1096
KSC1098,bjt,"Samsung Transistor Data Book Vol. 1, small signal (1988)",NPN,10 magazine pages mention it,3,2SC1098
KSC1173,bjt,"Samsung Transistor Data Book Vol. 1, small signal (1988)",NPN,18 magazine pages mention it,3,2SC1173
KSC1520,bjt,"Samsung Transistor Data Book Vol. 1, small signal (1988)",NPN,98 magazine pages mention it,2,2SC1520
KSC2331,bjt,"Samsung Transistor Data Book Vol. 1, small signal (1988)",NPN,22 magazine pages mention it,3,2SC2331
KSC900,bjt,"Samsung Transistor Data Book Vol. 1, small signal (1988)",NPN,2 magazine pages mention it,3,2SC900
KSD261,bjt,"Samsung Transistor Data Book Vol. 1, small signal (1988)",NPN,5 magazine pages mention it,3,2SD261
L7806,regulator,audio documents,2 documents (groupdiy_threads),,3,
LA2284L,ic-audio,musikding.de,ICs / LM.../LF...,,2,LA2284
LA4138,ic-audio,audio documents,2 documents (el34world),,3,
LA4140,ic-audio,audio documents,"2 documents (el34world, schematicheaven)",made by Sanyo (legacy),3,
LCR-0202,opto,audio documents,"2 documents (el34world, groupdiy_threads)",,3,
LDR07,opto,musikding.de,,,2,
LF355,opamp,audio documents,2 documents (el34world),made by National/Texas Instruments,3,
LF357,opamp,audio documents,"3 documents (el34world, groupdiy_threads)",made by Texas Instruments (originally National),3,
LF358,opamp,audio documents,"2 documents (el34world, schematicheaven)",made by Texas Instruments/various,3,
LF411,opamp,audio documents,4 documents (groupdiy_threads),made by Multiple (e.g. Texas Instruments/ON/SN/NSC),3,
LF412,opamp,audio documents,"3 documents (el34world, groupdiy_threads)",made by National/ON,3,
LF442,opamp,musikding.de,ICs / LM.../LF...,,2,
LF444,opamp,musikding.de,ICs / LM.../LF...,,2,
LM101,opamp,audio documents,2 documents (esp),made by National Semiconductor (now TI),3,
LM145,opamp,audio documents,"4 documents (el34world, schematicheaven)",,3,
LM1894,ic-audio,audio documents,"15 documents (freestompboxes_threads, groupdiy_threads)",made by Texas Instruments / National,2,
LM1958,opamp,audio documents,"3 documents (el34world, schematicheaven)",,3,
LM201,opamp,audio documents,"3 documents (esp, groupdiy_threads, keithsnook)",,2,
LM3000,opamp,audio documents,"4 documents (el34world, schematicheaven)",,3,
LM301,opamp,audio documents,"22 documents (el34world, esp, groupdiy_threads, keithsnook)",made by National/Varies,2,
LM307,opamp,audio documents,"12 documents (el34world, schematicheaven)",,2,
LM3171,regulator,audio documents,2 documents (el34world),made by Texas Instruments/On Semiconductor/etc.,3,
LM323,regulator,audio documents,"3 documents (el34world, schematicheaven)",,3,
LM329,regulator,audio documents,"2 documents (esp, groupdiy_threads)",made by Texas Instruments,3,
LM348,opamp,audio documents,"30 documents (el34world, esp, groupdiy_threads, schematicheaven)",,2,
LM359,opamp,audio documents,"3 documents (esp, groupdiy_threads)",made by Texas Instruments and others,3,
LM3876,ic-audio,audio documents,"10 documents (esp, groupdiy_threads)",made by National Semiconductor/TI,2,
LM4250,opamp,musikding.de,ICs / LM.../LF...,,2,
LM567,ic-audio,musikding.de,ICs / LM.../LF...,,2,
LM748,opamp,audio documents,"4 documents (el34world, groupdiy_threads, schematicheaven)",,2,
LM7818,regulator,audio documents,2 documents (groupdiy_threads),,3,
LM79L12,regulator,audio documents,2 documents (el34world),,3,
LM79M15,regulator,audio documents,2 documents (el34world),,3,
LM8071,opamp,audio documents,2 documents (el34world),made by National/TI/various,3,
LME49600,opamp,audio documents,4 documents (groupdiy_threads),made by Texas Instruments (Burr‑Brown),3,
LME49710,opamp,audio documents,14 documents (groupdiy_threads),made by Texas Instruments / National (Burr‑Brown lineage),2,
LME49723,opamp,audio documents,2 documents (groupdiy_threads),made by Texas Instruments (Burr-Brown),3,
LME49724,opamp,audio documents,2 documents (groupdiy_threads),made by Texas Instruments (National/LME),3,
LME49740,opamp,audio documents,4 documents (groupdiy_threads),made by Texas Instruments (Burr‑Brown),3,
LME49990,opamp,audio documents,3 documents (groupdiy_threads),made by Texas Instruments (Burr‑Brown),3,
LND150N3,mosfet,musikding.de,Transistoren / FET,,2,LND150
LT1007,opamp,audio documents,2 documents (groupdiy_threads),made by Linear Technology,3,
LT1010,opamp,audio documents,6 documents (groupdiy_threads),made by Linear Technology / Analog Devices,3,
LT1028,opamp,audio documents,"5 documents (esp, groupdiy_threads)",made by Linear Technology (Analog Devices),3,
LT1033,opamp,audio documents,2 documents (groupdiy_threads),made by Linear Technology (Analog Devices),3,
LT1038,regulator,audio documents,"2 documents (esp, groupdiy_threads)",made by Linear Technology,3,
LT1086,regulator,audio documents,"4 documents (ampgarage_threads, groupdiy_threads)",made by Linear Technology (Analog Devices),3,
LT1115,opamp,audio documents,"12 documents (esp, groupdiy_threads)",made by Linear Technology (Analog Devices),2,
LT1122,opamp,audio documents,2 documents (groupdiy_threads),made by Linear Technology (Analog Devices),3,
LT1124,opamp,audio documents,"4 documents (el34world, groupdiy_threads, schematicheaven)",made by Linear Technology (Analog Devices),2,
LT1357,opamp,audio documents,3 documents (groupdiy_threads),made by Linear Technology,3,
LT1358,opamp,audio documents,5 documents (groupdiy_threads),made by Linear Technology / Analog Devices,3,
LT1359,opamp,audio documents,5 documents (groupdiy_threads),made by Linear Technology,3,
LT1469,opamp,audio documents,4 documents (groupdiy_threads),made by Linear Technology,3,
LT1994,opamp,audio documents,2 documents (groupdiy_threads),made by Linear Technology (Analog Devices),3,
LT3011,opamp,audio documents,"2 documents (el34world, schematicheaven)",made by Linear Technology (Analog Devices),3,
LT8330,smps,audio documents,6 documents (groupdiy_threads),made by Linear Technology / Analog Devices,3,
M50195,digital-audio,audio documents,"2 documents (el34world, schematicheaven)",made by Mitsubishi/OKI/Various,3,
M51134P,ic-audio,musikding.de,ICs / LM.../LF...,,2,M51134
M5216,opamp,audio documents,"9 documents (el34world, schematicheaven)",,3,
M5218L,opamp,musikding.de,ICs / TL.../NE.../4558,,2,M5218
M5229,opamp,audio documents,"3 documents (el34world, schematicheaven)",,3,
M5231,opamp,audio documents,"4 documents (el34world, schematicheaven)",,3,
M54516,ic-audio,audio documents,2 documents (el34world),,3,
M54562,ic-audio,audio documents,2 documents (el34world),,3,
M65831,ic-audio,musikding.de,ICs / CoolAudio ICs,,2,
MAX253,smps,audio documents,2 documents (esp),made by Maxim,3,
MAX4081,opamp,audio documents,2 documents (groupdiy_threads),made by Maxim,3,
MAX887,smps,audio documents,3 documents (freestompboxes_threads),made by Maxim,3,
MBR150,diode,musikding.de,Dioden / Schottky,,2,
MC1303L,opamp,audio documents,"2 documents (el34world, schematicheaven)",made by Motorola (ON Semiconductor legacy),3,
MC14007,logic,audio documents,"14 documents (el34world, schematicheaven)",made by ON Semiconductor / Motorola / others,2,
MC14049,logic,audio documents,6 documents (el34world),made by On Semiconductor / Motorola / Various,3,
MC1495,ic-audio,audio documents,"4 documents (esp, groupdiy_threads, keithsnook)",,2,
MC1741,opamp,audio documents,"3 documents (el34world, groupdiy_threads, keithsnook)",made by Motorola/On Semiconductor (historic),2,
MC33035,control,audio documents,2 documents (esp),made by ON Semiconductor (Motorola legacy),3,
MC33178,opamp,audio documents,"2 documents (freestompboxes_threads, groupdiy_threads)",made by ON Semiconductor,3,
MC33279,opamp,audio documents,"2 documents (el34world, schematicheaven)",made by Motorola (ON Semiconductor),3,
MC3403,opamp,audio documents,"2 documents (el34world, schematicheaven)",,3,
MC34064,smps,audio documents,2 documents (el34world),,3,
MC4558,opamp,audio documents,4 documents (esp),,3,
MC5534,opamp,audio documents,2 documents (el34world),,3,
MC7815,regulator,audio documents,"7 documents (el34world, groupdiy_threads)",made by Motorola / On Semiconductor,3,
MC7824,regulator,audio documents,"5 documents (el34world, schematicheaven)",made by Motorola/ON Semiconductor,3,
MC7915,regulator,audio documents,"9 documents (el34world, groupdiy_threads)",made by ON Semiconductor / Motorola,3,
MJE200,bjt,databook,,,3,
MJE210,bjt,musikding.de,Transistoren / Silizium universal,"PNP, hFE 45–180",2,
MJE703,bjt,databook,,,3,
MJE803,bjt,databook,,,3,
MMBF5459,jfet,musikding.de,Transistoren / SMD Transistoren,,2,
MMBF5485,jfet,musikding.de,Transistoren / SMD Transistoren,,2,
MMBFJ202,jfet,musikding.de,Transistoren / SMD Transistoren,,2,
MN3001,digital-audio,audio documents,"5 documents (el34world, groupdiy_threads)",made by MN/ROHM/Reticon (originally Panasonic/Matsushita/Exar family),3,
MN3002,digital-audio,audio documents,"6 documents (el34world, schematicheaven)",made by Matsushita/National,3,
MN3010,digital-audio,audio documents,2 documents (groupdiy_threads),made by Matsushita/OKI/RETimers,3,
MP20,bjt-ge,musikding.de,Transistoren / Germanium Transistoren / Selektiert,"PNP, hFE 30–40",2,
MP25,bjt-ge,musikding.de,Transistoren / Germanium Transistoren / Selektiert,"PNP, hFE 20–30",2,
MP26,bjt-ge,musikding.de,Transistoren / Germanium Transistoren / Selektiert,"PNP, hFE 20–30",2,
MP27,bjt-ge,musikding.de,Transistoren / Germanium Transistoren / Selektiert,"PNP, hFE 20–30",2,
MPF4393,jfet,musikding.de,Transistoren / FET,,2,PN4393 2N4393
MPS2222A,bjt,"Samsung Transistor Data Book Vol. 1, small signal (1988)",NPN,51 magazine pages mention it,2,
MPS2907A,bjt,"Samsung Transistor Data Book Vol. 1, small signal (1988)",PNP,34 magazine pages mention it,3,
MPS3704,bjt,"Samsung Transistor Data Book Vol. 1, small signal (1988)",NPN,22 magazine pages mention it,3,
MPS3706,bjt,"Samsung Transistor Data Book Vol. 1, small signal (1988)",NPN,11 magazine pages mention it,3,
MPS5172,bjt,"Samsung Transistor Data Book Vol. 1, small signal (1988)",NPN,26 magazine pages mention it,3,
MPS6517,bjt,"Samsung Transistor Data Book Vol. 1, small signal (1988)",PNP,9 magazine pages mention it,3,
MPS6522,bjt,"Samsung Transistor Data Book Vol. 1, small signal (1988)",PNP,5 magazine pages mention it,3,
MPS6523,bjt,"Samsung Transistor Data Book Vol. 1, small signal (1988)",PNP,10 magazine pages mention it,3,
MPS6560,bjt,"Samsung Transistor Data Book Vol. 1, small signal (1988)",NPN,5 magazine pages mention it,3,
MPS6562,bjt,"Samsung Transistor Data Book Vol. 1, small signal (1988)",PNP,4 magazine pages mention it,3,
MPSA64,bjt,musikding.de,Transistoren / Darlington,PNP,2,
MPSA65,bjt,musikding.de,Transistoren / Darlington,PNP,2,
MPSH10,bjt,"Samsung Transistor Data Book Vol. 1, small signal (1988)",NPN,5 magazine pages mention it,3,
MPSH11,bjt,"Samsung Transistor Data Book Vol. 1, small signal (1988)",NPN,5 magazine pages mention it,3,
MPSL01,bjt,"Samsung Transistor Data Book Vol. 1, small signal (1988)",NPN,16 magazine pages mention it,3,
MPSL51,bjt,"Samsung Transistor Data Book Vol. 1, small signal (1988)",PNP,16 magazine pages mention it,3,
NE5524,opamp,audio documents,2 documents (groupdiy_threads),,3,
NE5534A,opamp,musikding.de,ICs / TL.../NE.../4558,,2,
NE572,ic-audio,audio documents,"12 documents (el34world, groupdiy_threads, schematicheaven)",made by Philips/NXP,2,
NJM2060,opamp,audio documents,"9 documents (el34world, groupdiy_threads)",made by New Japan Radio (NJR),3,
NJM2072,opamp,audio documents,"3 documents (el34world, esp, schematicheaven)",made by New Japan Radio (NJR),2,
NJM2082,opamp,audio documents,2 documents (el34world),made by New Japan Radio (NJR),3,
NJM2100,opamp,audio documents,"10 documents (el34world, freestompboxes_threads, schematicheaven)",made by New Japan Radio (NJR),2,
NJM2114,opamp,audio documents,4 documents (groupdiy_threads),made by New Japan Radio (NJR),3,
NJM2120,opamp,audio documents,7 documents (el34world),made by JRC / NJR,3,
NJM2121D,opamp,musikding.de,ICs / TL.../NE.../4558,,2,NJM2121
NJM2147,opamp,audio documents,7 documents (el34world),made by New Japan Radio (NJR),3,
NJM2901,comparator,audio documents,3 documents (el34world),made by JRC,3,
NJM4560,opamp,audio documents,"23 documents (el34world, esp, groupdiy_threads, schematicheaven)",made by New Japan Radio (NJR),2,
NJM4565,opamp,audio documents,"5 documents (el34world, groupdiy_threads)",made by New Japan Radio (NJR),3,
NJM5532,opamp,audio documents,"5 documents (el34world, groupdiy_threads)",made by New Japan Radio (NJR),3,
NSL-19M51,opto,musikding.de,,,2,
NSL-32R3,opto,audio documents,2 documents (groupdiy_threads),,3,
NSL-32SR3,opto,audio documents,"3 documents (esp, groupdiy_threads)",made by Norish? / Vactrol-brand equivalents,3,
NSL-7532,opto,musikding.de,,,2,
NSL5910,opto,audio documents,3 documents (groupdiy_threads),,3,
NSL6910,opto,audio documents,3 documents (groupdiy_threads),made by Silonex?,3,
OA1154,diode-ge,musikding.de,Dioden / Germanium Dioden,,2,
OA1182,diode-ge,musikding.de,Dioden / Germanium Dioden,,2,
OA202,bjt-ge,audio documents,"7 documents (el34world, groupdiy_threads, schematicheaven)",,2,
OA47,diode-ge,audio documents,"3 documents (groupdiy_threads, keithsnook)",,3,
OA50,diode-ge,audio documents,"2 documents (el34world, schematicheaven)",,3,
OC101,bjt-ge,audio documents,6 documents (el34world),,3,
OC184,bjt-ge,audio documents,"2 documents (el34world, schematicheaven)",,3,
OC20,bjt-ge,audio documents,"5 documents (el34world, freestompboxes_threads, keithsnook, schematicheaven)",,2,
OC23,bjt-ge,audio documents,"3 documents (el34world, keithsnook, schematicheaven)",,2,
OC26,bjt-ge,audio documents,"3 documents (el34world, groupdiy_threads, schematicheaven)",,2,
OC29,bjt-ge,audio documents,"3 documents (el34world, keithsnook, schematicheaven)",,2,
OC35,bjt-ge,audio documents,"4 documents (el34world, keithsnook, schematicheaven)",,2,
OC42,bjt-ge,audio documents,"2 documents (el34world, keithsnook)",,3,
OC517,bjt-ge,audio documents,"7 documents (el34world, schematicheaven)",,3,
OC547,bjt-ge,audio documents,"8 documents (el34world, schematicheaven)",,3,
OC72,bjt-ge,audio documents,"6 documents (el34world, keithsnook, schematicheaven)",,2,
OP227,opamp,audio documents,"4 documents (el34world, schematicheaven)",made by Analog Devices originally (Motorola/Exar variants),3,
OP270,opamp,audio documents,2 documents (groupdiy_threads),made by Analog Devices/Other,3,
OP471,opamp,audio documents,3 documents (groupdiy_threads),,3,
OP627,opamp,audio documents,2 documents (groupdiy_threads),made by Analog Devices (originally Precision Monolithics/Burr‑Brown),3,
OP97,opamp,audio documents,5 documents (groupdiy_threads),made by Analog Devices / Burr-Brown (originally),3,
OPA132,opamp,audio documents,2 documents (groupdiy_threads),made by Texas Instruments / Burr‑Brown,3,
OPA137,opamp,audio documents,4 documents (groupdiy_threads),made by Burr‑Brown/Analog Devices,3,
OPA164,opamp,audio documents,5 documents (groupdiy_threads),made by Burr-Brown / Texas Instruments,3,
OPA1692,opamp,audio documents,16 documents (groupdiy_threads),made by Texas Instruments,2,
OPA2107,opamp,audio documents,6 documents (groupdiy_threads),made by Texas Instruments,3,
OPA2132,opamp,audio documents,"9 documents (esp, groupdiy_threads)",made by Texas Instruments,3,
OPA2227,opamp,audio documents,6 documents (groupdiy_threads),made by Texas Instruments,3,
OPA2228,opamp,audio documents,7 documents (groupdiy_threads),made by Texas Instruments,3,
OPA227,opamp,audio documents,2 documents (groupdiy_threads),made by Texas Instruments,3,
OPA2677,opamp,audio documents,2 documents (esp),made by Texas Instruments (Burr‑Brown),3,
OPA275,opamp,audio documents,3 documents (groupdiy_threads),made by Texas Instruments,3,
OPA277,opamp,audio documents,"2 documents (esp, groupdiy_threads)",made by Texas Instruments,3,
OPA404,opamp,audio documents,8 documents (groupdiy_threads),made by Texas Instruments,3,
OPA4132,opamp,audio documents,2 documents (groupdiy_threads),made by Texas Instruments,3,
OPA547,opamp,audio documents,2 documents (groupdiy_threads),made by Texas Instruments (Burr‑Brown),3,
OPA603,opamp,audio documents,3 documents (groupdiy_threads),made by Burr‑Brown/TI,3,
OPA604,opamp,audio documents,63 documents (groupdiy_threads),made by Burr‑Brown / Texas Instruments,2,
OPA637,opamp,audio documents,8 documents (groupdiy_threads),made by Texas Instruments / Burr‑Brown,3,
OPA827,opamp,audio documents,2 documents (groupdiy_threads),made by Texas Instruments,3,
ORP12,opto,audio documents,2 documents (groupdiy_threads),,3,
PCF802,tube,musikding.de,Röhren / NOS Röhren,,2,9JW8
PDV-P9203,opto,musikding.de,,,2,
PN5434,jfet,musikding.de,Transistoren / FET,,2,
RC1458,opamp,audio documents,"2 documents (el34world, schematicheaven)",made by RCA,3,
RC4556,opamp,audio documents,"2 documents (el34world, schematicheaven)",,3,
RC4559,opamp,audio documents,"3 documents (el34world, groupdiy_threads, schematicheaven)",made by RCA/Various,2,
RC4560,opamp,audio documents,4 documents (groupdiy_threads),made by Burr‑Brown / Texas Instruments,3,
RC5532,opamp,audio documents,"2 documents (el34world, groupdiy_threads)",,3,
SAD1024,digital-audio,audio documents,"10 documents (el34world, freestompboxes_threads, groupdiy_threads, schematicheaven)",made by (historical),2,
SAD512,digital-audio,audio documents,"7 documents (el34world, groupdiy_threads, schematicheaven)",,2,
SB260,diode,musikding.de,Dioden / Schottky,,2,
SB360,diode,musikding.de,Dioden / Schottky,,2,
SSM2015,opamp,audio documents,4 documents (groupdiy_threads),made by SSM / Analog Devices,3,
SSM2016,opamp,audio documents,4 documents (groupdiy_threads),made by SSM / Analog Devices,3,
SSM2017,ic-audio,audio documents,"19 documents (el34world, esp, groupdiy_threads)",made by Analog Devices (formerly SSM),2,
SSM2019,ic-audio,audio documents,15 documents (groupdiy_threads),made by Solid State Microtechnology / Analog Devices,2,
SSM2120,vca,audio documents,"9 documents (el34world, groupdiy_threads)",made by Analog Devices (SSM),3,
SSM2134,ic-audio,audio documents,2 documents (groupdiy_threads),made by Analog Devices (Originally Solid State Music/Solid State Microtechnology),3,
SSM2135,ic-audio,audio documents,2 documents (groupdiy_threads),made by Analog Devices (originally SSM),3,
SSM2141,ic-audio,audio documents,"10 documents (esp, groupdiy_threads)",made by Analog Devices (formerly SSM),2,
SSM2142,ic-audio,audio documents,"35 documents (esp, groupdiy_threads)",made by Analog Devices (formerly Solid State Microtechnology),2,
SSM2143,ic-audio,audio documents,5 documents (groupdiy_threads),made by Analog Devices (formerly Solid State Music / Analog Devices acquisition),3,
SSM2402,ic-audio,audio documents,"5 documents (esp, groupdiy_threads)",made by Analog Devices (SSM),3,
SSM2412,ic-audio,audio documents,"4 documents (esp, groupdiy_threads)",made by Analog Devices (formerly Solid State Micro Technology),3,
STK4040,ic-audio,audio documents,3 documents (el34world),,3,
STK4042,ic-audio,audio documents,3 documents (esp),made by Sanyo (now part of Panasonic),3,
TA2020,ic-audio,audio documents,2 documents (esp),made by Tripath (now Cirrus Logic),3,
TA7136,opamp,audio documents,"6 documents (el34world, groupdiy_threads, schematicheaven)",made by Toshiba?,2,
TA7140,opamp,audio documents,2 documents (el34world),,3,
TA7200,ic-audio,audio documents,"6 documents (el34world, schematicheaven)",made by Toshiba/other,3,
TA7220,ic-audio,audio documents,2 documents (el34world),,3,
TA7322,opamp,audio documents,"30 documents (el34world, groupdiy_threads)",made by Toshiba (TA series),2,
TDA1034,ic-audio,audio documents,"10 documents (esp, groupdiy_threads, keithsnook)",made by Philips/Signetics (historic),2,
TDA1514,ic-audio,audio documents,"5 documents (el34world, schematicheaven)",,3,
TDA2005,ic-audio,audio documents,"6 documents (el34world, schematicheaven)",made by SGS/ST,3,
TDA2040,ic-audio,audio documents,"15 documents (el34world, esp, schematicheaven)",made by STMicroelectronics,2,
TDA7297,ic-audio,audio documents,"7 documents (esp, groupdiy_threads)",made by STMicroelectronics (various),3,
TDA7375,ic-audio,audio documents,2 documents (esp),made by STMicroelectronics,3,
TDA7560,ic-audio,audio documents,2 documents (esp),made by STMicroelectronics,3,
TDA8920,ic-audio,audio documents,"2 documents (el34world, groupdiy_threads)",made by STMicroelectronics,3,
TDA8954,ic-audio,audio documents,4 documents (esp),made by NXP (Philips),3,
THAT1200,opamp,audio documents,4 documents (groupdiy_threads),made by THAT,3,
THAT1240,ic-audio,audio documents,5 documents (groupdiy_threads),made by THAT Corporation,3,
THAT1243P08-U,ic-audio,musikding.de,ICs / THAT ICs,,2,THAT1243
THAT1246,ic-audio,audio documents,7 documents (groupdiy_threads),made by THAT Corporation,3,
THAT1570,ic-audio,audio documents,4 documents (groupdiy_threads),made by THAT,3,
THAT1606,opamp,audio documents,"6 documents (el34world, groupdiy_threads)",made by THAT,3,
THAT1646,opamp,audio documents,37 documents (groupdiy_threads),made by THAT Corporation,2,
THAT2002,vca,audio documents,2 documents (groupdiy_threads),made by That Corporation,3,
THAT2159,vca,audio documents,"2 documents (el34world, groupdiy_threads)",made by THAT Corporation,3,
THAT2252,ic-audio,audio documents,"11 documents (esp, groupdiy_threads)",made by THAT Corporation,2,
THAT300P14-U,ic-audio,musikding.de,ICs / THAT ICs,NPN,2,THAT300
THAT320P14-U,ic-audio,musikding.de,ICs / THAT ICs,PNP,2,THAT320
THAT5171,vca,audio documents,3 documents (groupdiy_threads),made by THAT Corporation,3,
TIP111,bjt,Harris Bipolar Power Transistors (1992),NPN darlington,16 magazine pages mention it,3,
TIP115,bjt,Harris Bipolar Power Transistors (1992),PNP darlington,36 magazine pages mention it,3,
TIP116,bjt,Harris Bipolar Power Transistors (1992),PNP darlington,14 magazine pages mention it,3,
TIP117,bjt,Harris Bipolar Power Transistors (1992),PNP darlington,42 magazine pages mention it,3,
TIP126,bjt,Harris Bipolar Power Transistors (1992),PNP darlington,84 magazine pages mention it,2,
TIP146,bjt,databook,,,3,
TIP29,bjt,Harris Bipolar Power Transistors (1992),NPN/PNP,76 magazine pages mention it,2,
TIP29A,bjt,Harris Bipolar Power Transistors (1992),NPN/PNP,136 magazine pages mention it,2,
TIP29B,bjt,Harris Bipolar Power Transistors (1992),NPN/PNP,7 magazine pages mention it,3,
TIP30,bjt,Harris Bipolar Power Transistors (1992),NPN/PNP,101 magazine pages mention it,2,
TIP30A,bjt,Harris Bipolar Power Transistors (1992),NPN/PNP,126 magazine pages mention it,2,
TIP30B,bjt,Harris Bipolar Power Transistors (1992),NPN/PNP,7 magazine pages mention it,3,
TIP31,bjt,Harris Bipolar Power Transistors (1992),NPN/PNP,375 magazine pages mention it,2,
TIP31A,bjt,Harris Bipolar Power Transistors (1992),NPN/PNP,397 magazine pages mention it,2,
TIP31B,bjt,Harris Bipolar Power Transistors (1992),NPN/PNP,48 magazine pages mention it,3,
TIP32,bjt,Harris Bipolar Power Transistors (1992),NPN/PNP,132 magazine pages mention it,2,
TIP32A,bjt,Harris Bipolar Power Transistors (1992),NPN/PNP,218 magazine pages mention it,2,
TIP32B,bjt,Harris Bipolar Power Transistors (1992),NPN/PNP,8 magazine pages mention it,3,
TIP41,bjt,Harris Bipolar Power Transistors (1992),NPN/PNP,143 magazine pages mention it,2,
TIP41A,bjt,Harris Bipolar Power Transistors (1992),NPN/PNP,249 magazine pages mention it,2,
TIP41B,bjt,Harris Bipolar Power Transistors (1992),NPN/PNP,14 magazine pages mention it,3,
TIP42,bjt,Harris Bipolar Power Transistors (1992),NPN/PNP,52 magazine pages mention it,2,
TIP42A,bjt,Harris Bipolar Power Transistors (1992),NPN/PNP,170 magazine pages mention it,2,
TIP42B,bjt,Harris Bipolar Power Transistors (1992),NPN/PNP,17 magazine pages mention it,3,
TIP48,bjt,Harris Bipolar Power Transistors (1992),NPN,2 magazine pages mention it,3,
TIP49,bjt,Harris Bipolar Power Transistors (1992),NPN,8 magazine pages mention it,3,
TL051,opamp,audio documents,3 documents (groupdiy_threads),made by Texas Instruments/others,3,
TL5001,smps,audio documents,2 documents (groupdiy_threads),made by Texas Instruments (and others),3,
TLC2264,opamp,audio documents,"2 documents (freestompboxes_threads, groupdiy_threads)",made by Texas Instruments,3,
TLC27M4A,opamp,musikding.de,ICs / TL.../NE.../4558,,2,
TLC549,digital-audio,audio documents,2 documents (el34world),made by Texas Instruments (TI),3,
TLE2074,opamp,audio documents,5 documents (groupdiy_threads),made by Texas Instruments,3,
TLE2082,opamp,audio documents,3 documents (groupdiy_threads),made by Texas Instruments,3,
TLP123,opto,audio documents,2 documents (ampgarage_threads),made by Toshiba,3,
TLP227,opto,audio documents,"2 documents (el34world, schematicheaven)",,3,
TLP552,opto,audio documents,3 documents (el34world),made by Toshiba / others,3,
UA709,opamp,audio documents,"3 documents (esp, groupdiy_threads)",made by Fairchild/National (uA709),3,
uA723,regulator,audio documents,2 documents (groupdiy_threads),made by Various,3,
UPC1458,opamp,audio documents,"2 documents (el34world, schematicheaven)",made by NEC (uPC),3,
uPC324,opamp,audio documents,2 documents (el34world),made by NEC/ROHM/etc.,3,
UPC4570,opamp,audio documents,"5 documents (el34world, schematicheaven)",made by NEC/μPC,3,
V2153M,vca,musikding.de,ICs / CoolAudio ICs,,2,DBX2153
V3208D,ic-audio,musikding.de,ICs / CoolAudio ICs,,2,MN3208
V3320,ic-audio,musikding.de,ICs / CoolAudio ICs,,2,CEM3320 AS3320
V411,ic-audio,musikding.de,ICs / CoolAudio ICs,,2,DG411
V4220,ic-audio,musikding.de,ICs / CoolAudio ICs,,2,SSM2220
VT93N1,opto,musikding.de,,,2,
VTL5C2,opto,audio documents,"17 documents (el34world, esp, groupdiy_threads, schematicheaven)",made by Vactec / PerkinElmer style (historic),2,
VTL5C7,opto,audio documents,"40 documents (el34world, groupdiy_threads)",made by Vactec / PerkinElmer (historical),2,
VTL5C9,opto,audio documents,"6 documents (el34world, groupdiy_threads, schematicheaven)",,2,
ZTX951,bjt,musikding.de,Transistoren / Silizium universal,PNP,2,
